YEAR,STATE,WRITTEN_SIGNED_COMPLAINTS_WSC_TOTAL,WSC_WITH_REPORTS_ISSUED_TOTAL,WSC_REPORTS_WITH_FINDINGS,WSC_REPORTS_WITHIN_TIMELINE,WSC_REPORTS_WITHIN_EXTENDED_TIMELINES,WSC_WITHDRAWN_OR_DISMISSED,WSC_PENDING_TOTAL,WSC_PENDING_A_DUE_PROCESS_HEARING,MEDIATION_REQUESTS_TOTAL,MEDIATIONS_HELD_TOTAL,MEDIATIONS_HELD_RELATED_TO_DUE_PROCESS_COMPLAINTS,MEDIATION_AGREEMENTS_RELATED_TO_DUE_PROCESS_COMPLAINTS,MEDIATIONS_HELD_NOT_RELATED_TO_DUE_PROCESS_COMPLAINTS,MEDIATION_AGREEMENTS_NOT_RELATED_TO_DUE_PROCESS_COMPLAINTS,MEDIATIONS_PENDING,DUE_PROCESS_COMPLAINTS_DPC_TOTAL,DPC_RESOLUTION_MEETINGS_TOTAL,DPC_RESOLUTION_MEETINGS_WRITTEN_SETTLEMENT_AGREEMENTS,DPC_HEARINGS_FULLY_ADJUDICATED_TOTAL,DPC_WRITTEN_DECISIONS_WITHIN_TIMELINE,DPC_WRITTEN_DECISIONS_WITHIN_EXTENDED_TIMELINES,DPC_WITHDRAWN_OR_DISMISSED,EXPEDITED_DUE_PROCESS_COMPLAINTS_EDPC_TOTAL,EDPC_RESULTED_IN_A_RESOLUTION_MEETING_TOTAL,EDPC_RESOLUTION_MEETINGS_WRITTEN_SETTLEMENT_AGREEMENTS,EDPC_EXPEDITED_HEARINGS_FULLY_ADJUDICATED_TOTAL,EDPC_EXPEDITED_HEARINGS_CHANGE_OF_PLACEMENT_ORDERED,MEDIATIONS_WITHDRAWN_OR_NOT_HELD,DPC_PENDING,EDPC_PENDING,EDPC_WITHDRAWN_OR_DISMISSED
2006,Alabama,34,33,22,32,1,1,0,0,81,47,6,5,41,32,34,86,62,11,4,0,4,71,0,0,0,0,0,,,,
2006,Alaska,11,11,5,9,2,0,0,0,6,6,3,2,3,3,0,25,11,6,4,0,4,10,0,0,0,0,0,,,,
2006,American Samoa,0,0,0,0,0,0,0,0,0,0,0,0,0,0,0,0,0,0,0,0,0,0,0,0,0,0,0,,,,
2006,Arizona,162,112,72,103,9,40,10,0,37,23,11,7,12,10,14,58,22,16,2,1,1,16,3,1,1,0,0,,,,
2006,Arkansas,41,27,25,27,0,14,0,0,17,15,0,0,15,12,2,8,2,2,2,2,0,6,1,1,1,0,0,,,,
2006,BIE schools,5,5,5,5,0,0,0,0,8,6,2,2,4,4,2,1,1,1,0,0,0,0,0,0,0,0,0,,,,
2006,California,"1,117",914,508,791,58,203,0,0,"2,747","1,624","1,393",570,231,122,"1,123",2516,818,478,74,14,60,"1,735",45,34,23,2,1,,,,
2006,Colorado,21,14,10,8,5,6,1,1,32,23,7,5,16,13,9,24,14,6,2,0,2,20,2,2,2,0,0,,,,
2006,Connecticut,140,103,65,97,5,35,2,1,231,198,70,35,128,83,33,198,23,15,17,7,10,169,0,0,0,0,0,,,,
2006,Delaware,13,12,12,10,2,1,0,0,22,22,10,7,12,12,0,25,0,0,4,0,4,21,0,0,0,0,0,,,,
2006,District of Columbia,20,16,8,12,4,4,0,0,21,6,5,0,1,1,15,2824,"1,114",101,"1,893",974,123,796,59,23,0,59,21,,,,
2006,Florida,97,56,25,48,8,33,8,2,186,91,39,25,52,40,95,189,117,61,10,5,5,136,6,1,0,2,0,,,,
2006,Georgia,40,33,21,25,8,5,2,0,99,64,18,11,46,25,35,111,71,34,6,1,5,95,2,2,2,0,0,,,,
2006,Guam,6,5,4,5,0,1,0,0,2,2,0,0,2,2,0,3,2,1,0,0,0,2,0,0,0,0,0,,,,
2006,Hawaii,23,23,23,23,0,0,0,0,6,5,0,0,5,3,1,140,128,8,28,2,26,55,1,1,1,0,0,,,,
2006,Idaho,11,9,7,8,0,2,0,0,3,1,0,0,1,1,2,11,10,8,1,0,1,10,0,0,0,0,0,,,,
2006,Illinois,116,63,44,42,15,43,10,0,191,164,98,76,66,54,27,366,60,30,29,3,24,301,6,1,1,0,0,,,,
2006,Indiana,118,104,89,95,8,14,0,0,42,39,11,7,28,25,3,88,52,49,13,0,13,64,17,15,13,1,1,,,,
2006,Iowa,5,1,0,1,0,4,0,0,24,10,0,0,10,9,14,4,2,1,1,0,1,3,0,0,0,0,0,,,,
2006,Kansas,34,23,12,21,2,11,0,0,42,38,12,10,26,21,4,39,8,6,1,0,1,29,3,3,0,0,0,,,,
2006,Kentucky,45,26,12,21,5,19,0,0,19,16,6,4,10,8,3,25,16,12,3,0,1,10,0,0,0,0,0,,,,
2006,Louisiana,12,6,3,6,0,4,2,1,14,9,5,4,4,3,5,17,8,6,2,1,1,15,2,1,1,0,0,,,,
2006,Maine,59,15,9,3,12,44,0,0,122,52,9,7,43,37,70,37,2,1,6,0,6,30,6,0,0,0,0,,,,
2006,Maryland,108,92,71,89,2,16,0,0,330,172,100,65,72,52,158,319,95,68,22,11,11,284,2,0,0,1,1,,,,
2006,Massachusetts,383,236,170,179,36,107,40,21,841,841,36,27,805,677,0,592,400,25,26,3,22,566,31,24,1,2,1,,,,
2006,Michigan,280,243,154,196,47,28,9,8,86,60,3,2,57,46,26,77,64,29,6,0,5,52,15,15,9,1,0,,,,
2006,Minnesota,121,66,66,50,15,54,1,0,65,42,4,2,38,32,23,34,19,1,3,0,2,20,2,1,0,0,0,,,,
2006,Mississippi,17,12,12,12,0,5,0,0,25,21,7,5,14,11,4,28,3,3,1,1,0,27,0,0,0,0,0,,,,
2006,Missouri,99,81,38,75,6,17,1,0,27,27,6,6,21,9,0,70,52,24,3,2,1,47,10,5,4,2,0,,,,
2006,Montana,1,0,0,0,0,1,0,0,3,3,3,2,0,0,0,4,1,1,0,0,0,3,0,0,0,0,0,,,,
2006,Nebraska,5,2,1,1,1,3,0,0,11,6,1,0,5,5,5,1,0,0,0,0,0,0,0,0,0,0,0,,,,
2006,Nevada,28,19,17,17,2,6,3,0,15,9,1,1,8,8,6,40,30,20,2,0,2,35,2,2,2,0,0,,,,
2006,New Hampshire,69,38,27,8,30,14,17,5,35,33,15,0,18,17,2,62,49,19,32,19,13,19,0,0,0,0,0,,,,
2006,New Jersey,295,157,53,119,12,124,14,13,610,531,310,101,221,102,79,861,82,42,55,30,24,805,18,1,1,2,1,,,,
2006,New Mexico,36,21,16,15,1,13,2,1,19,19,12,7,7,5,0,20,4,2,9,0,9,8,0,0,0,0,0,,,,
2006,New York,210,198,169,162,2,10,2,0,436,278,23,15,255,237,158,5990,"5,664",587,810,175,470,"4,846",29,0,0,16,6,,,,
2006,North Carolina,70,48,33,42,2,22,0,0,110,59,7,4,52,45,51,48,28,21,2,0,2,40,3,3,2,0,0,,,,
2006,North Dakota,3,3,3,3,0,0,0,0,3,2,0,0,2,1,1,0,0,0,0,0,0,0,0,0,0,0,0,,,,
2006,Northern Marianas,1,1,1,1,0,0,0,0,0,0,0,0,0,0,0,0,0,0,0,0,0,0,0,0,0,0,0,,,,
2006,Ohio,166,97,54,72,18,67,2,2,131,131,50,22,81,68,0,206,77,55,13,1,12,116,18,17,16,1,0,,,,
2006,Oklahoma,53,39,39,39,0,13,1,1,28,12,0,0,12,8,16,23,10,8,1,1,0,22,2,2,2,0,0,,,,
2006,Oregon,47,27,20,14,13,17,3,0,69,36,8,6,28,22,33,29,14,4,2,0,2,19,1,1,1,0,0,,,,
2006,Pennsylvania,335,204,157,204,0,118,13,13,304,158,21,18,137,105,146,739,255,127,81,28,53,531,27,10,4,5,1,,,,
2006,Puerto Rico,102,102,66,57,1,0,0,0,798,437,407,225,30,28,361,1698,24,12,"1,271",654,0,238,0,0,0,0,0,,,,
2006,Rhode Island,59,53,53,51,0,6,0,0,91,71,2,1,69,56,20,47,-,3,9,5,4,34,0,0,0,0,0,,,,
2006,South Carolina,119,39,33,29,5,80,0,0,2,2,1,0,1,1,0,14,9,4,4,3,1,10,2,0,0,0,0,,,,
2006,South Dakota,4,1,1,1,0,3,0,0,0,0,0,0,0,0,0,2,0,0,1,0,1,1,0,0,0,0,0,,,,
2006,Tennessee,98,84,84,76,8,14,0,0,35,27,11,7,16,11,8,48,20,11,3,0,3,29,0,0,0,0,0,,,,
2006,Texas,450,171,114,166,5,256,23,17,238,145,75,60,70,47,93,329,240,49,45,5,40,258,10,6,4,0,0,,,,
2006,Utah,9,7,4,6,1,2,0,0,3,3,1,1,2,1,0,7,7,7,0,0,0,0,0,0,0,0,0,,,,
2006,Vermont,7,5,3,5,0,2,0,0,40,33,13,11,20,19,7,26,8,2,4,1,3,22,1,0,0,1,1,,,,
2006,Virgin Islands,12,8,8,7,0,0,4,0,9,7,7,7,0,0,2,4,0,0,3,2,0,1,0,0,0,0,0,,,,
2006,Virginia,115,84,46,59,25,31,0,0,129,101,21,6,80,77,28,69,39,17,8,8,0,48,7,3,1,1,0,,,,
2006,Washington,82,70,53,56,9,11,1,0,104,46,12,10,34,28,58,122,88,17,13,2,11,106,12,12,3,0,0,,,,
2006,West Virginia,48,24,21,11,13,24,0,0,6,4,2,0,2,2,2,14,6,6,1,0,1,12,2,2,2,0,0,,,,
2006,Wisconsin,79,59,42,52,4,20,0,0,88,57,5,3,52,47,31,32,12,8,3,0,3,15,1,1,1,0,0,,,,
2006,Wyoming,5,3,3,3,0,2,0,0,1,1,1,1,0,0,0,8,2,2,2,1,1,4,0,0,0,0,0,,,,
2006,50 States DC and PR including BIE Schools,"5,627","3,891","2,600","3,256",402,"1,569",167,86,"8,633","5,826","2,863","1,385","2,963","2,285","2,807",18351,"9,843","2,026","4,534","1,960",988,"11,809",348,190,98,96,34,,,,
2006,US and Outlying Areas,"5,646","3,905","2,613","3,269",402,"1,570",171,86,"8,644","5,835","2,870","1,392","2,965","2,287","2,809",18358,"9,845","2,027","4,537","1,962",988,"11,812",348,190,98,96,34,,,,
2007,Alabama,29,24,11,23,1,5,0,0,78,30,9,7,21,13,48,99,67,17,5,0,5,68,0,0,0,0,0,,,,
2007,Alaska,5,5,3,5,0,0,0,0,12,12,2,2,10,7,0,21,15,3,6,0,6,13,0,0,0,0,0,,,,
2007,American Samoa,0,0,0,0,0,0,0,0,0,0,0,0,0,0,0,0,0,0,0,0,0,0,0,0,0,0,0,,,,
2007,Arizona,150,121,47,114,5,29,0,0,33,24,9,8,15,9,9,51,22,15,2,0,2,27,1,0,0,0,0,,,,
2007,Arkansas,12,9,7,9,0,3,0,0,22,16,1,0,15,12,6,6,6,6,0,0,0,6,0,0,0,0,0,,,,
2007,BIE schools,2,1,1,1,0,0,1,1,2,1,1,0,0,0,1,5,1,1,1,0,0,2,0,0,0,0,0,,,,
2007,California,"1,034",864,864,861,3,170,0,0,"2,624","1,034",931,680,103,90,"1,590",2398,"1,289",520,67,16,51,624,25,14,9,0,0,,,,
2007,Colorado,12,12,7,9,3,0,0,0,40,24,8,5,16,14,16,21,11,6,4,1,3,15,2,2,2,0,0,,,,
2007,Connecticut,150,112,80,106,6,38,0,0,258,221,74,58,147,98,37,206,9,2,21,7,14,185,7,0,0,1,0,,,,
2007,Delaware,13,8,8,4,4,5,0,0,14,14,3,2,11,10,0,16,1,0,2,0,2,13,0,0,0,0,0,,,,
2007,District of Columbia,7,5,3,0,0,2,0,0,11,11,3,1,8,1,0,3261,153,0,"1,319",150,24,"1,040",20,2,0,0,0,,,,
2007,Florida,109,58,48,42,16,45,6,3,184,70,31,19,39,32,114,158,84,58,5,0,5,111,21,12,8,0,0,,,,
2007,Georgia,44,37,19,28,2,7,0,0,94,73,32,14,41,29,21,139,62,31,3,0,2,105,11,3,2,0,0,,,,
2007,Guam,5,5,5,5,0,0,0,0,1,1,0,0,1,1,0,2,2,2,0,0,0,2,0,0,0,0,0,,,,
2007,Hawaii,23,21,12,20,1,0,2,1,9,7,1,1,6,5,2,111,105,42,18,0,18,43,0,0,0,0,0,,,,
2007,Idaho,23,16,15,14,1,7,0,0,6,6,3,3,3,3,0,13,7,6,1,0,1,12,0,0,0,0,0,,,,
2007,Illinois,113,60,46,36,24,40,13,0,226,183,119,83,64,44,43,360,65,22,27,2,23,229,3,1,1,0,0,,,,
2007,Indiana,136,125,106,110,15,11,0,0,46,40,3,0,37,22,6,70,58,38,6,1,4,64,6,2,2,0,0,,,,
2007,Iowa,6,1,1,0,1,5,0,0,32,18,1,1,17,15,14,6,5,5,0,0,0,5,0,0,0,0,0,,,,
2007,Kansas,36,26,15,26,0,10,0,0,28,26,12,8,14,11,2,33,19,8,2,0,2,25,4,3,2,0,0,,,,
2007,Kentucky,19,10,7,3,7,9,0,0,27,21,6,5,15,14,6,18,7,3,0,0,0,16,0,0,0,0,0,,,,
2007,Louisiana,23,13,7,10,0,9,1,0,17,15,13,11,2,2,2,38,16,10,2,1,1,34,2,1,1,0,0,,,,
2007,Maine,35,13,9,4,9,22,0,0,92,42,11,7,31,28,50,35,5,3,7,0,7,28,4,0,0,0,0,,,,
2007,Maryland,86,78,62,76,2,8,0,0,318,182,108,73,74,59,136,324,94,61,28,14,14,296,6,2,1,0,0,,,,
2007,Massachusetts,369,234,161,177,37,100,35,27,906,906,46,35,860,725,0,618,418,15,18,2,15,600,54,48,0,2,1,,,,
2007,Michigan,280,243,154,196,47,28,9,8,125,92,0,0,92,74,33,88,70,45,4,0,3,57,20,18,15,1,0,,,,
2007,Minnesota,89,54,43,41,13,35,0,0,66,46,1,1,45,40,20,31,18,2,1,0,1,23,0,0,0,0,0,,,,
2007,Mississippi,6,4,4,4,0,2,0,0,24,14,7,6,7,5,10,29,16,16,3,1,2,26,0,0,0,0,0,,,,
2007,Missouri,77,63,13,57,6,12,2,2,18,17,4,1,13,10,1,95,41,20,1,1,0,56,6,2,2,1,0,,,,
2007,Montana,4,1,1,1,0,3,0,0,1,1,0,0,1,1,0,1,0,0,1,1,0,0,0,0,0,0,0,,,,
2007,Nebraska,4,2,2,1,1,2,0,0,11,8,0,0,8,5,3,3,0,0,1,0,1,2,0,0,0,0,0,,,,
2007,Nevada,8,5,3,4,1,1,2,0,7,4,1,1,3,3,3,48,44,21,1,0,1,44,0,0,0,0,0,,,,
2007,New Hampshire,62,35,20,14,21,20,7,0,13,13,13,13,0,0,0,84,19,19,16,12,4,0,0,0,0,0,0,,,,
2007,New Jersey,284,155,64,137,9,102,27,0,627,512,279,88,233,101,115,902,96,48,88,55,25,813,16,3,2,1,1,,,,
2007,New Mexico,43,17,10,13,4,26,0,0,13,8,6,4,2,2,5,19,1,0,3,0,3,16,2,0,0,0,0,,,,
2007,New York,380,339,219,321,7,41,0,0,427,257,17,12,240,219,170,6075,"4,677",539,550,130,315,"4,633",24,23,5,12,7,,,,
2007,North Carolina,115,85,60,80,1,30,0,0,105,59,15,7,44,33,46,56,36,20,6,3,3,37,3,0,0,1,0,,,,
2007,North Dakota,4,3,0,2,1,1,0,0,1,0,0,0,0,0,1,0,0,0,0,0,0,0,0,0,0,0,0,,,,
2007,Northern Marianas,2,2,2,2,0,0,0,0,0,0,0,0,0,0,0,0,0,0,0,0,0,0,0,0,0,0,0,,,,
2007,Ohio,202,78,48,48,30,124,0,0,205,191,71,32,120,70,14,157,49,39,10,0,10,147,28,7,6,2,1,,,,
2007,Oklahoma,71,66,34,33,33,3,2,2,30,15,3,2,12,6,15,29,23,17,2,0,2,27,3,3,3,0,0,,,,
2007,Oregon,55,31,21,15,15,20,4,0,86,40,11,8,29,24,46,28,10,6,0,0,0,22,0,0,0,0,0,,,,
2007,Pennsylvania,308,171,123,170,1,125,12,12,315,176,29,20,147,116,139,790,264,138,75,12,54,614,21,10,10,1,0,,,,
2007,Puerto Rico,81,68,31,63,0,13,0,0,861,666,547,376,119,90,195,1700,607,365,833,417,0,770,1,0,0,1,0,,,,
2007,Rhode Island,70,62,62,37,0,7,1,0,120,98,0,0,98,82,22,34,23,9,1,1,0,27,1,1,0,0,0,,,,
2007,South Carolina,53,39,33,38,1,14,0,0,3,3,0,0,3,3,0,24,19,10,5,5,0,19,2,1,1,0,0,,,,
2007,South Dakota,19,16,16,15,1,3,0,0,5,5,0,0,5,3,0,2,1,1,0,0,0,2,0,0,0,0,0,,,,
2007,Tennessee,127,115,15,103,12,1,11,9,26,23,11,7,12,10,3,59,36,6,1,0,1,47,0,0,0,0,0,,,,
2007,Texas,425,171,103,158,13,234,20,19,302,194,117,92,77,60,108,300,111,32,32,3,29,244,11,7,1,3,1,,,,
2007,Utah,10,10,5,8,0,0,0,0,8,6,1,1,5,1,2,4,4,1,0,0,0,4,0,0,0,0,0,,,,
2007,Vermont,21,14,9,14,0,7,0,0,30,27,15,12,12,12,3,23,6,2,1,0,1,18,0,0,0,0,0,,,,
2007,Virgin Islands,6,5,5,5,0,1,0,0,6,4,4,4,0,0,2,7,2,1,1,1,0,4,0,0,0,0,0,,,,
2007,Virginia,138,103,45,84,19,35,0,0,138,111,24,18,87,71,27,87,53,16,16,14,2,62,11,11,1,3,0,,,,
2007,Washington,58,49,37,41,8,9,0,0,67,28,6,4,22,18,39,124,81,34,15,6,8,100,8,6,2,2,0,,,,
2007,West Virginia,42,26,21,12,12,16,0,0,9,9,3,2,6,4,0,20,7,7,3,0,3,7,0,0,0,0,0,,,,
2007,Wisconsin,104,82,54,77,5,22,0,0,94,62,12,8,50,49,32,37,17,13,2,0,2,14,0,0,0,0,0,,,,
2007,Wyoming,11,9,7,9,0,2,0,0,9,6,1,1,5,5,3,4,3,0,2,0,2,0,0,0,0,0,0,,,,
2007,50 States DC and PR including BIE schools,"5,587","3,969","2,796","3,474",398,"1,463",155,84,"8,825","5,667","2,621","1,739","3,046","2,360","3,158",18860,"8,851","2,298","3,217",855,671,"11,392",323,182,76,31,11,,,,
2007,US and Outlying Areas,"5,600","3,981","2,808",3486,398,1464,155,84,"8,832","5,672","2,625","1,743","3,047","2,361","3,160",18869,"8,855","2,301",3218,856,671,11398,323,182,76,31,11,,,,
2008,Alabama,64,48,24,47,1,0,0,16,67,31,11,10,20,17,36,101,52,39,5,1,4,65,0,0,0,0,0,,,,
2008,Alaska,15,15,9,15,0,0,0,0,4,4,0,0,4,3,0,24,13,1,7,0,3,13,0,0,0,0,0,,,,
2008,Arizona,126,94,51,94,0,0,0,32,51,37,15,11,22,15,14,67,31,26,3,2,1,57,2,0,0,0,0,,,,
2008,Arkansas,22,16,14,16,0,0,0,6,22,12,0,0,12,11,10,26,24,21,2,1,0,23,1,1,1,0,0,,,,
2008,American Samoa,3,3,1,2,1,0,0,0,0,0,0,0,0,0,0,0,0,0,0,0,0,0,0,0,0,0,0,,,,
2008,BIE schools,1,0,0,0,0,1,0,0,1,1,1,0,0,0,0,3,3,2,0,0,0,3,0,0,0,0,0,,,,
2008,California,838,679,679,665,14,0,0,159,"2,706","1,585","1,406",852,179,100,"1,121",2709,530,140,104,12,84,"2,332",42,3,0,3,0,,,,
2008,Colorado,13,11,8,7,4,0,0,2,42,26,7,4,19,11,16,25,11,5,3,3,0,17,2,1,1,0,0,,,,
2008,Connecticut,153,93,69,78,6,5,2,55,268,198,77,57,121,89,70,241,72,50,7,1,6,221,3,0,0,0,0,,,,
2008,Delaware,8,8,4,6,1,0,0,0,6,3,1,0,2,2,3,16,0,0,2,0,0,14,2,0,0,0,0,,,,
2008,District of Columbia,9,0,0,0,0,5,0,4,24,20,20,18,0,0,4,1996,41,10,867,561,213,873,7,0,0,3,0,,,,
2008,Florida,99,67,44,64,3,3,2,29,128,56,24,19,32,22,72,161,114,79,5,2,3,116,23,16,10,0,0,,,,
2008,Georgia,52,39,19,39,0,0,0,13,87,53,19,8,34,19,34,107,63,26,4,0,4,87,0,0,0,0,0,,,,
2008,Guam,8,8,6,8,0,0,0,0,0,0,0,0,0,0,0,0,0,0,0,0,0,0,0,0,0,0,0,,,,
2008,Hawaii,13,11,8,11,0,1,1,1,15,9,1,0,8,7,6,118,114,41,39,3,36,49,1,1,1,0,0,,,,
2008,Idaho,18,13,8,9,3,0,0,5,3,3,1,1,2,1,0,7,1,1,1,1,0,1,0,0,0,0,0,,,,
2008,Illinois,124,85,72,80,5,6,2,33,174,134,92,65,42,34,40,352,76,41,21,5,15,211,9,1,1,1,0,,,,
2008,Indiana,122,86,69,77,9,0,0,36,44,39,6,3,33,24,5,79,45,32,9,5,4,62,9,5,3,2,0,,,,
2008,Iowa,9,2,1,2,0,2,0,5,26,12,4,3,8,6,14,16,4,3,0,0,0,8,0,0,0,0,0,,,,
2008,Kansas,41,27,15,27,0,0,0,14,25,23,4,2,19,16,2,18,10,4,2,0,2,14,1,0,0,0,0,,,,
2008,Kentucky,27,15,8,7,8,0,0,12,24,22,7,5,15,10,2,19,4,2,0,0,0,8,0,0,0,0,0,,,,
2008,Louisiana,16,4,2,4,0,1,1,11,7,4,3,2,1,0,3,26,14,10,3,0,3,23,0,0,0,0,0,,,,
2008,Maine,48,14,8,8,6,0,0,34,98,43,5,4,38,33,55,26,4,2,5,0,5,17,1,0,0,0,0,,,,
2008,Maryland,102,76,66,75,1,0,0,26,314,181,70,52,111,88,133,259,84,67,15,5,9,237,8,5,5,0,0,,,,
2008,Massachusetts,271,190,119,176,4,23,15,58,846,846,47,43,799,672,0,609,47,20,24,4,20,470,40,1,1,2,0,,,,
2008,Michigan,239,211,125,152,52,2,2,26,174,113,3,3,110,86,61,72,58,27,6,2,3,56,25,20,10,3,1,,,,
2008,Minnesota,80,50,38,37,12,0,0,30,70,40,1,0,39,35,30,23,16,0,3,0,3,14,0,0,0,0,0,,,,
2008,Mississippi,16,9,4,9,0,0,0,7,18,13,8,3,5,4,5,27,10,6,3,3,0,22,2,2,0,0,0,,,,
2008,Missouri,92,72,31,69,3,4,4,16,35,16,2,1,14,12,19,82,25,11,3,1,1,51,4,1,1,1,0,,,,
2008,Montana,5,2,1,0,2,0,0,3,3,3,2,2,1,1,0,3,1,1,0,0,0,3,1,1,1,0,0,,,,
2008,Nebraska,3,3,1,3,0,0,0,0,8,6,0,0,6,6,2,6,3,0,1,0,1,1,0,0,0,0,0,,,,
2008,Nevada,15,13,8,13,0,2,0,0,5,3,1,0,2,1,2,62,55,24,0,0,0,48,3,3,2,0,0,,,,
2008,New Hampshire,73,45,19,4,41,8,0,20,24,23,7,7,16,11,1,55,13,11,7,3,1,14,1,0,0,0,0,,,,
2008,New Jersey,291,136,58,110,23,27,4,128,666,509,309,85,200,79,157,840,54,37,42,29,11,761,13,1,0,0,0,,,,
2008,New Mexico,44,17,13,17,0,1,1,26,41,28,18,17,10,8,13,32,3,3,1,0,1,23,0,0,0,0,0,,,,
2008,New York,299,282,157,270,2,0,0,17,361,209,16,10,193,174,152,6064,"4,865",639,552,118,330,"4,373",21,17,5,5,1,,,,
2008,North Carolina,97,74,51,67,7,0,0,23,57,30,10,5,20,19,27,60,43,31,2,0,2,46,6,6,4,0,0,,,,
2008,North Dakota,1,1,1,1,0,0,0,0,1,1,0,0,1,0,0,0,0,0,0,0,0,0,0,0,0,0,0,,,,
2008,Northern Marianas,0,0,0,0,0,0,0,0,0,0,0,0,0,0,0,0,0,0,0,0,0,0,0,0,0,0,0,,,,
2008,Ohio,195,68,53,46,22,5,5,122,198,184,71,57,113,88,14,179,59,31,12,2,10,167,27,13,11,2,1,,,,
2008,Oklahoma,40,29,13,27,2,1,1,10,35,11,1,1,10,10,24,23,6,6,0,0,0,23,0,0,0,0,0,,,,
2008,Oregon,46,24,14,23,1,2,0,20,60,37,10,9,27,20,23,23,1,1,2,0,2,18,1,0,0,0,0,,,,
2008,Pennsylvania,295,162,99,161,1,6,6,127,403,196,65,22,131,129,207,782,338,139,54,24,30,507,22,6,6,4,1,,,,
2008,Puerto Rico,78,67,51,65,2,0,0,11,884,779,661,480,118,105,105,1993,740,390,"1,010",515,18,927,0,0,0,0,0,,,,
2008,Rhode Island,32,27,19,21,6,1,1,4,60,60,0,0,60,48,0,26,17,7,9,2,7,12,1,1,1,0,0,,,,
2008,South Carolina,73,60,53,60,0,0,0,13,6,4,0,0,4,3,2,15,10,6,4,2,2,11,2,2,2,0,0,,,,
2008,South Dakota,4,4,3,4,0,0,0,0,1,1,1,1,0,0,0,2,1,1,0,0,0,2,0,0,0,0,0,,,,
2008,Tennessee,87,54,18,44,10,24,9,9,28,18,6,5,12,10,10,49,10,6,2,0,2,38,1,1,1,0,0,,,,
2008,Texas,355,145,73,140,5,14,13,196,314,191,121,96,70,51,123,296,112,32,33,4,29,254,8,4,2,2,0,,,,
2008,Utah,11,10,8,8,2,0,0,1,12,9,0,0,9,8,3,2,2,1,1,0,1,1,0,0,0,0,0,,,,
2008,Virgin Islands,14,13,12,12,1,0,0,1,10,9,5,5,4,4,1,11,2,2,3,2,1,7,0,0,0,0,0,,,,
2008,Vermont,17,11,5,10,1,1,1,5,33,25,18,14,7,6,8,30,6,5,0,0,0,26,0,0,0,0,0,,,,
2008,Virginia,121,80,47,60,20,3,0,38,105,88,24,15,64,59,17,81,44,17,14,11,2,67,12,9,3,2,0,,,,
2008,Washington,58,48,37,20,17,1,1,9,81,36,5,4,31,28,45,124,73,24,6,2,4,92,8,6,0,1,0,,,,
2008,West Virginia,37,19,14,10,9,0,0,18,17,16,3,1,13,9,1,20,4,4,3,1,2,12,1,0,0,1,1,,,,
2008,Wisconsin,83,59,45,57,1,1,1,23,80,54,12,9,42,41,26,33,10,6,3,1,2,17,2,1,1,0,0,,,,
2008,Wyoming,5,4,3,4,0,0,0,1,1,0,0,0,0,0,1,0,0,0,0,0,0,0,0,0,0,0,0,,,,
2008,US and outlying areas,"5,008","3,403","2,378","3,041",308,150,72,"1,455","8,773","6,054","3,201","2,011","2,853","2,235","2,719",18020,"7,938","2,090","2,904","1,328",877,"12,514",312,128,73,32,5,,,,
2008,50 states DC and PR including BIE scho               ,"4,983","3,379","2,359","3,019",306,150,72,"1,454","8,763","6,045","3,196","2,006","2,849","2,231","2,718",18009,"7,936","2,088","2,901","1,326",876,"12,507",312,128,73,32,5,,,,
2009,Alabama,45,32,16,32,0,13,0,0,75,41,12,9,29,25,2,89,55,33,2,1,1,66,0,0,0,0,0,32,21,0,0
2009,Alaska,15,13,6,13,0,2,0,0,6,5,0,0,5,5,0,2,1,0,1,1,0,1,0,0,0,0,0,1,0,0,0
2009,American Samoa,1,1,1,0,1,0,0,0,1,1,1,1,0,0,0,1,1,0,0,0,0,0,0,0,0,0,0,0,1,0,0
2009,Arizona,94,74,47,74,0,20,0,0,52,42,9,7,33,29,0,56,38,17,7,4,3,39,4,3,1,1,0,10,10,0,3
2009,Arkansas,27,13,12,12,1,13,1,0,26,17,0,0,17,15,0,24,10,10,4,4,0,15,0,0,0,0,0,9,5,0,0
2009,BIE schools,2,1,0,0,1,1,0,0,1,0,0,0,0,0,1,0,0,0,0,0,0,0,0,0,0,0,0,0,0,0,0
2009,California,811,550,550,512,38,0,261,0,"2,654","1,437","1,285",766,152,101,364,2680,493,248,95,19,75,"1,950",51,11,-,2,0,853,635,9,40
2009,Colorado,17,12,7,8,3,5,0,0,39,33,6,6,27,15,2,20,8,5,4,2,2,15,5,1,0,1,1,4,1,0,4
2009,Connecticut,161,97,65,91,4,59,5,0,270,195,65,35,130,95,42,207,78,62,9,3,5,143,9,3,0,1,0,33,55,1,7
2009,Delaware,15,10,7,7,2,5,0,0,10,6,6,0,0,0,0,20,4,1,4,3,0,15,1,0,0,0,0,4,1,0,1
2009,District of Columbia,12,7,6,4,2,3,2,0,22,5,3,2,2,1,2,1426,"1,397",679,282,184,92,"1,141",25,20,13,7,1,15,3,0,18
2009,Florida,101,61,34,58,3,37,3,1,83,53,21,12,32,23,2,133,72,46,8,5,3,98,23,8,3,1,0,28,27,3,19
2009,Georgia,82,63,34,61,2,19,0,0,84,61,10,6,51,36,0,78,44,23,3,0,3,69,0,0,0,0,0,23,6,0,0
2009,Guam,40,27,22,27,0,13,0,0,0,0,0,0,0,0,0,1,1,0,1,0,1,0,0,0,0,0,0,0,0,0,0
2009,Hawaii,14,13,4,9,4,0,1,1,7,5,2,0,3,1,1,148,139,50,42,9,33,77,1,0,0,0,0,1,29,0,1
2009,Idaho,27,22,16,14,1,5,0,0,10,7,0,0,7,7,0,10,2,1,1,0,1,9,2,1,1,0,0,3,0,0,2
2009,Illinois,120,92,70,83,9,28,0,0,164,134,96,70,38,34,13,331,89,39,22,5,1,216,7,4,3,2,1,17,93,0,5
2009,Indiana,102,74,60,64,10,28,0,0,44,36,5,3,31,22,0,71,58,38,5,0,4,62,1,0,0,0,0,8,4,0,1
2009,Iowa,13,7,5,1,6,4,2,0,31,21,7,4,14,12,1,11,0,0,1,0,1,7,0,0,0,0,0,9,3,0,0
2009,Kansas,30,18,11,0,0,12,0,0,20,17,2,0,15,14,0,12,5,3,1,1,0,11,2,0,0,1,0,3,0,0,1
2009,Kentucky,30,15,11,14,1,15,0,0,19,17,3,3,14,11,0,27,21,6,1,0,1,14,0,0,0,0,0,2,12,0,0
2009,Louisiana,25,10,8,5,5,13,2,0,7,6,5,3,1,1,0,23,12,8,5,3,2,17,1,1,1,0,0,1,1,0,1
2009,Maine,53,11,6,6,5,42,0,0,113,57,19,13,38,31,0,42,8,2,0,0,0,39,2,0,0,0,0,56,3,0,2
2009,Maryland,118,101,79,98,3,16,1,1,262,136,52,37,84,64,11,251,111,78,20,4,16,221,4,1,0,0,0,115,10,0,4
2009,Massachusetts,240,158,113,151,7,64,18,17,958,854,39,35,815,706,27,545,38,21,18,4,13,299,41,1,1,3,1,77,228,16,22
2009,Michigan,204,133,79,117,15,70,1,0,145,84,1,1,83,70,18,65,54,25,5,3,2,43,18,17,10,3,0,43,17,0,15
2009,Minnesota,65,44,33,34,10,21,0,0,76,47,0,0,47,43,0,26,24,0,3,0,3,13,1,1,0,0,0,29,10,0,1
2009,Mississippi,13,5,0,5,0,8,0,0,20,15,6,4,9,3,0,15,15,6,4,2,2,11,0,0,0,0,0,5,0,0,0
2009,Missouri,106,87,37,84,3,15,4,3,41,30,4,1,26,26,5,60,29,16,2,1,1,45,5,3,2,1,1,6,13,0,4
2009,Montana,6,4,0,4,0,2,0,0,4,2,2,2,0,0,1,8,3,0,0,0,0,2,0,0,0,0,0,1,6,0,0
2009,Nebraska,4,3,2,3,0,1,0,0,4,4,1,0,3,2,0,2,1,0,0,0,0,0,0,0,0,0,0,0,2,0,0
2009,Nevada,10,7,4,6,1,0,3,0,9,6,3,2,3,2,1,59,55,21,1,1,0,43,6,6,5,0,0,2,15,1,5
2009,New Hampshire,103,63,32,32,6,37,3,3,30,22,7,6,15,12,4,56,13,9,6,5,1,40,0,0,0,0,0,4,10,0,0
2009,New Jersey,253,105,43,82,8,95,53,15,672,530,302,65,228,103,17,814,35,20,54,36,18,602,11,0,0,1,0,125,158,0,10
2009,New Mexico,23,13,7,12,1,10,0,0,34,31,20,17,11,8,2,39,7,7,3,0,3,30,2,0,0,0,0,1,6,0,2
2009,New York,306,217,166,201,15,88,1,0,257,154,13,13,141,123,6,6078,"5,277",541,425,94,261,"4,725",25,20,2,6,1,97,928,2,17
2009,North Carolina,75,51,42,44,6,24,0,0,64,39,12,7,27,21,3,54,35,22,2,1,1,39,3,3,2,1,0,22,13,0,2
2009,North Dakota,3,2,2,2,0,1,0,0,2,1,0,0,1,0,0,0,0,0,0,0,0,0,0,0,0,0,0,1,0,0,0
2009,Northern Marianas,1,1,1,1,0,0,0,0,0,0,0,0,0,0,0,0,0,0,0,0,0,0,0,0,0,0,0,0,0,0,0
2009,Ohio,252,96,48,80,16,128,28,1,109,94,43,30,51,47,5,146,66,35,2,0,2,116,21,13,13,0,0,10,28,1,20
2009,Oklahoma,32,25,17,25,0,7,0,0,20,15,0,0,15,10,0,38,30,22,2,2,0,35,0,0,0,0,0,5,1,0,0
2009,Oregon,40,17,10,11,6,22,1,0,74,37,13,12,24,21,12,33,2,0,3,1,2,21,3,1,0,1,0,25,9,0,2
2009,Pennsylvania,304,126,78,120,0,171,7,7,412,193,78,20,115,112,56,782,335,235,66,21,45,503,28,8,6,3,1,163,213,2,23
2009,Puerto Rico,77,64,40,62,2,13,0,0,537,411,362,258,49,46,14,2068,831,515,"1,152",707,90,845,0,0,0,0,0,112,71,0,0
2009,Rhode Island,39,30,16,15,1,9,0,0,62,53,0,0,53,37,0,23,1,1,2,0,2,19,3,0,0,0,0,9,2,0,3
2009,South Carolina,40,27,23,27,0,13,0,0,5,2,0,0,2,2,0,13,10,6,3,2,1,10,2,2,2,0,0,3,0,0,2
2009,South Dakota,6,3,2,3,0,3,0,0,8,8,2,2,6,6,0,2,0,0,0,0,0,2,0,0,0,0,0,0,0,0,0
2009,Tennessee,99,60,18,57,3,5,34,5,36,21,11,7,10,9,7,42,16,9,1,0,1,24,0,0,0,0,0,8,17,0,0
2009,Texas,327,138,62,135,3,180,9,9,349,200,132,104,68,51,81,331,134,43,25,7,18,242,8,3,0,3,2,68,64,0,5
2009,Utah,7,6,4,6,0,1,0,0,4,1,0,0,1,1,0,7,7,7,0,0,0,7,0,0,0,0,0,3,0,0,0
2009,Vermont,22,13,6,11,2,3,6,0,42,32,13,12,19,16,5,18,3,2,2,2,0,15,0,0,0,0,0,5,1,0,0
2009,Virgin Islands,8,7,7,7,0,1,0,0,6,5,5,0,0,0,0,21,7,7,6,4,2,14,0,0,0,0,0,1,1,0,0
2009,Virginia,132,99,60,91,8,33,0,0,119,76,20,9,56,47,21,79,50,19,12,11,1,60,10,3,0,1,0,22,7,0,9
2009,Washington,35,28,23,25,3,6,1,1,57,24,8,7,16,13,4,108,70,27,5,1,4,88,5,4,2,1,0,29,15,0,4
2009,West Virginia,39,17,12,12,2,22,0,0,10,7,1,0,6,6,0,12,8,8,2,0,2,10,0,0,0,0,0,3,0,0,0
2009,Wisconsin,82,67,49,66,1,14,1,1,70,46,7,4,39,38,1,20,3,2,4,0,4,14,0,0,0,0,0,23,2,0,0
2009,Wyoming,14,11,8,9,2,3,0,0,4,4,0,0,4,2,0,1,0,0,1,1,0,0,0,0,0,0,0,0,0,0,0
2009,50 states DC and PR including BIE schools            ,"4,872","3,015","2,090","2,698",221,"1,409",448,65,"8,233","5,374","2,708","1,594","2,666","2,125",731,17205,"9,797","2,968","2,322","1,150",720,"12,128",330,138,67,40,9,"2,128","2,755",35,255
2009,US and Outlying Areas,"4,922","3,051","2,121","2,733",222,"1,423",448,65,"8,240","5,380","2,714","1,595","2,666","2,125",731,17228,"9,806","2,975","2,329","1,154",723,"12,142",330,138,67,40,9,"2,129","2,757",35,255
2010,Alabama,28,21,14,21,0,7,0,0,56,26,7,5,19,17,0,122,70,12,3,1,2,81,2,2,0,2,1,30,38,0,0
2010,Alaska,7,6,3,6,0,1,0,0,10,9,1,0,8,7,1,6,6,1,3,1,2,2,0,0,0,0,0,0,1,0,0
2010,American Samoa,0,0,0,0,0,0,0,0,0,0,0,0,0,0,0,0,0,0,0,0,0,0,0,0,0,0,0,0,0,0,0
2010,Arizona,101,81,53,81,0,19,1,1,60,29,6,3,23,17,4,56,34,19,6,2,4,42,4,4,3,1,0,27,8,0,3
2010,Arkansas,49,23,19,20,3,26,0,0,12,10,1,1,9,9,0,30,30,23,4,0,4,26,0,0,0,0,0,2,0,0,0
2010,Bur of Indian Education,3,3,2,0,0,0,0,0,4,4,1,1,3,3,0,4,1,1,0,0,0,4,0,0,0,0,0,0,0,0,0
2010,California,1023,755,504,743,12,268,0,0,2931,1598,1449,990,149,85,298,2747,578,158,105,7,98,2015,77,10,2,4,1,1035,627,2,71
2010,Colorado,14,11,6,11,0,3,0,0,48,34,8,5,26,19,3,19,5,4,1,0,1,18,3,1,1,0,0,11,0,0,3
2010,Connecticut,188,101,65,93,4,81,6,1,295,230,95,56,135,94,39,222,64,46,15,4,11,159,6,2,2,1,1,26,48,1,4
2010,Delaware,6,3,2,3,0,2,1,0,11,8,3,2,5,4,1,7,0,0,0,0,0,7,1,0,0,0,0,2,0,0,1
2010,District of Columbia,23,14,12,14,0,9,0,0,25,19,4,3,15,15,1,1527,1111,380,274,243,27,1183,61,44,17,10,1,5,70,2,49
2010,Florida,97,56,33,50,6,40,1,0,83,61,27,17,34,22,3,187,82,42,10,7,3,153,17,7,5,1,1,19,24,0,16
2010,Georgia,87,55,25,55,0,32,0,0,88,68,16,5,52,38,0,69,48,12,3,0,3,61,6,4,2,0,0,20,5,0,6
2010,Guam,17,14,10,14,0,3,0,0,1,0,0,0,0,0,0,2,2,2,0,0,0,2,0,0,0,0,0,1,0,0,0
2010,Hawaii,14,14,4,14,0,0,0,0,9,9,7,6,2,1,0,139,131,62,27,2,25,68,2,2,1,0,0,0,44,0,2
2010,Idaho,21,14,13,13,0,7,0,0,25,18,4,3,14,13,0,8,2,2,4,2,2,4,0,0,0,0,0,7,0,0,0
2010,Illinois,106,76,53,66,9,27,3,1,180,148,102,68,46,38,17,298,96,30,12,1,6,206,11,3,2,1,1,15,80,0,10
2010,Indiana,109,65,48,59,6,44,0,0,39,32,3,1,29,18,0,63,48,40,9,1,6,54,5,4,4,0,0,7,0,0,5
2010,Iowa,15,13,5,3,10,2,0,0,31,18,2,2,16,13,3,9,3,3,0,0,0,9,0,0,0,0,0,10,0,0,0
2010,Kansas,18,14,11,14,0,4,0,0,23,21,4,2,17,15,0,12,5,4,1,0,1,10,1,0,0,0,0,2,1,0,1
2010,Kentucky,20,11,11,8,3,8,1,1,28,23,10,8,13,10,1,17,11,6,0,0,0,12,0,0,0,0,0,4,5,0,0
2010,Louisiana,34,13,4,6,5,20,1,1,4,3,2,0,1,0,0,19,15,11,2,1,1,16,5,3,3,1,0,1,1,1,3
2010,Maine,63,24,13,13,11,39,0,0,113,51,15,9,36,28,0,30,10,2,2,0,2,26,4,0,0,0,0,62,2,0,4
2010,Maryland,107,82,59,77,5,25,0,0,277,139,65,45,74,63,23,268,112,72,25,10,15,217,5,2,1,2,0,115,26,0,3
2010,Massachusetts,274,195,157,192,1,62,17,16,1036,809,46,37,763,660,60,544,39,24,19,2,16,347,8,0,0,0,0,167,178,2,6
2010,Michigan,199,141,95,121,19,56,2,0,144,93,13,7,80,65,11,67,51,33,4,1,1,47,15,9,6,3,0,40,16,1,11
2010,Minnesota,80,51,41,33,15,23,6,0,73,43,1,1,42,39,2,26,18,0,2,0,2,17,0,0,0,0,0,28,7,0,0
2010,Mississippi,30,17,12,14,2,13,0,0,14,8,1,1,7,4,0,16,5,5,2,1,0,14,0,0,0,0,0,6,0,0,0
2010,Missouri,58,48,18,48,0,9,1,0,55,43,7,7,36,34,3,79,51,10,3,1,2,60,5,5,2,1,0,9,16,0,4
2010,Montana,13,10,10,5,5,2,1,0,13,9,9,8,0,0,1,12,0,0,0,0,0,11,0,0,0,0,0,3,1,0,0
2010,Nebraska,11,8,4,8,0,3,0,0,5,4,0,0,4,4,0,5,2,0,0,0,0,4,0,0,0,0,0,1,1,0,0
2010,Nevada,8,7,0,7,0,0,1,0,2,0,0,0,0,0,0,69,62,35,2,0,2,52,10,9,6,0,0,2,15,0,10
2010,New Hampshire,64,38,22,38,0,26,0,0,32,30,8,6,22,12,0,58,14,10,12,5,7,46,0,0,0,0,0,2,0,0,0
2010,New Jersey,219,102,36,72,11,98,19,10,687,536,308,65,228,96,31,906,33,20,48,36,11,646,7,0,0,6,0,120,212,0,1
2010,New Mexico,37,22,17,21,0,15,0,0,36,32,16,10,16,15,2,44,17,17,2,0,2,31,0,0,0,0,0,2,11,0,0
2010,New York,283,201,167,179,22,76,6,0,186,144,6,5,138,115,6,6147,5492,504,381,81,240,4578,34,34,8,6,2,36,1188,5,23
2010,North Carolina,75,44,28,38,5,31,0,0,64,33,11,5,22,13,5,72,49,21,4,1,3,55,8,7,3,0,0,26,13,1,7
2010,North Dakota,4,3,1,3,0,1,0,0,2,1,0,0,1,1,0,1,1,1,0,0,0,1,0,0,0,0,0,1,0,0,0
2010,Northern Marianas,0,0,0,0,0,0,0,0,1,0,0,0,0,0,0,1,0,0,0,0,0,1,0,0,0,0,0,1,0,0,0
2010,Ohio,251,82,30,63,19,158,11,4,140,91,36,28,55,41,21,135,57,28,1,1,0,106,18,9,7,0,0,28,28,0,18
2010,Oklahoma,37,34,34,33,1,3,0,0,22,18,3,2,15,15,0,27,18,7,1,0,1,23,1,1,0,0,0,4,3,0,1
2010,Oregon,37,18,14,13,5,19,0,0,62,42,16,14,26,24,4,29,1,0,0,0,0,20,1,1,0,0,0,16,9,0,1
2010,Pennsylvania,258,125,85,124,1,127,6,6,442,217,27,15,190,151,64,722,337,128,61,17,44,531,20,12,11,3,2,161,130,0,17
2010,Puerto Rico,67,59,34,57,2,8,0,0,587,315,275,258,40,38,42,1918,610,375,900,620,79,766,2,0,0,2,0,230,252,0,0
2010,Rhode Island,36,33,27,32,0,3,0,0,77,59,0,0,59,39,1,24,4,4,10,6,3,12,1,0,0,0,0,17,2,1,0
2010,South Carolina,41,28,24,28,0,13,0,0,4,2,1,1,1,1,0,12,8,6,0,0,0,12,1,1,1,0,0,2,0,0,1
2010,South Dakota,7,6,4,6,0,1,0,0,4,4,0,0,4,3,0,3,1,0,0,0,0,3,0,0,0,0,0,0,0,0,0
2010,Tennessee,111,65,22,65,0,18,28,18,45,23,14,13,9,7,11,73,19,13,0,0,0,64,1,1,0,0,0,11,9,0,1
2010,Texas,327,150,73,146,4,166,11,11,297,190,112,87,78,65,49,293,89,20,14,0,14,216,12,6,4,0,0,58,63,0,12
2010,Utah,20,19,6,19,0,0,1,0,7,6,3,2,3,3,0,9,4,4,0,0,0,9,0,0,0,0,0,1,0,0,0
2010,Vermont,15,13,9,12,1,2,0,0,32,22,6,5,16,14,1,8,1,1,0,0,0,8,0,0,0,0,0,9,0,0,0
2010,Virgin Islands,14,0,0,0,0,14,0,0,7,4,3,3,1,1,0,14,6,6,0,0,0,12,0,0,0,0,0,3,2,0,0
2010,Virginia,160,105,53,93,12,54,1,0,123,87,12,9,75,59,12,65,44,25,9,8,1,55,10,6,5,1,0,24,1,0,9
2010,Washington,47,41,37,39,2,4,2,2,47,27,7,5,20,16,0,102,62,14,10,2,8,69,10,8,1,2,1,20,23,0,8
2010,West Virginia,41,22,18,20,1,19,0,0,18,17,4,3,13,7,0,13,3,3,3,0,3,9,0,0,0,0,0,1,1,0,0
2010,Wisconsin,54,40,28,40,0,14,0,0,76,52,7,5,45,40,5,24,9,5,3,0,3,18,0,0,0,0,0,19,3,0,0
2010,Wyoming,7,5,4,5,0,2,0,0,0,0,0,0,0,0,0,1,0,0,0,0,0,1,0,0,0,0,0,0,0,0,0
2010,50 states DC and PR including BIE schools            ,5004,3187,2069,2944,202,1690,127,72,8684,5515,2781,1831,2734,2110,725,17363,9563,2243,1997,1064,655,12204,374,197,97,47,11,2444,3162,16,311
2010,US and Outlying Areas,5035,3201,2079,2958,202,1707,127,72,8693,5519,2784,1834,2735,2111,725,17380,9571,2251,1997,1064,655,12219,374,197,97,47,11,2449,3164,16,311
2011,Alabama,19,10,7,8,2,6,3,1,92,53,38,19,15,15,0,144,68,11,3,0,3,98,0,0,0,0,0,39,43,0,0
2011,Alaska,9,9,4,9,0,0,0,0,8,7,1,1,6,4,0,9,7,1,3,1,2,5,1,1,0,1,1,1,1,0,0
2011,American Samoa,0,0,0,0,0,0,0,0,0,0,0,0,0,0,0,0,0,0,0,0,0,0,0,0,0,0,0,0,0,0,0
2011,Arizona,95,75,48,75,0,19,1,1,58,35,10,9,25,20,4,58,29,13,6,0,5,37,0,0,0,0,0,19,15,0,0
2011,Arkansas,37,23,19,16,7,14,0,0,15,11,0,0,11,8,0,19,19,15,1,1,0,16,1,1,0,0,0,4,2,0,1
2011,Bureau of Indian Education,1,1,0,0,0,0,0,0,5,4,4,3,0,0,1,,-,-,-,-,-,-,0,0,0,0,0,0,-,0,0
2011,California,1039,780,780,765,15,259,0,0,3076,1807,1677,1051,130,90,424,3114,457,56,114,8,105,2800,62,8,2,6,0,845,200,0,56
2011,Colorado,12,6,6,5,1,6,0,0,36,22,6,5,16,13,2,21,9,5,0,0,0,19,1,0,0,0,0,12,2,0,1
2011,Connecticut,163,102,69,83,9,54,7,1,287,198,75,49,123,81,46,194,41,23,16,4,12,138,7,1,0,3,3,43,40,0,4
2011,Delaware,14,10,7,8,2,4,0,0,10,6,1,1,5,4,0,12,2,2,1,1,0,11,1,0,0,0,0,4,0,0,1
2011,District of Columbia,34,28,21,25,3,6,0,0,27,20,4,2,16,12,0,1009,773,208,268,222,46,740,64,43,16,16,1,7,1,0,48
2011,Federated States of Micronesia,0,0,0,0,0,0,0,0,0,0,0,0,0,0,0,0,0,0,0,0,0,0,0,0,0,0,0,0,0,0,0
2011,Florida,101,50,20,44,6,49,2,2,89,67,30,18,37,25,4,171,51,27,6,4,2,129,13,5,2,1,1,18,36,1,11
2011,Georgia,95,71,35,71,0,22,2,0,79,56,15,7,41,21,0,102,63,31,3,0,3,97,9,7,3,0,0,23,2,0,9
2011,Guam,9,5,4,5,0,4,0,0,0,0,0,0,0,0,0,1,1,1,0,0,0,1,0,0,0,0,0,0,0,0,0
2011,Hawaii,18,16,2,16,0,2,0,0,5,5,3,3,2,2,0,105,98,49,19,0,19,50,0,0,0,0,0,0,36,0,0
2011,Idaho,21,13,10,13,0,8,0,0,34,23,2,2,21,19,0,10,8,3,2,0,2,8,0,0,0,0,0,11,0,0,0
2011,Illinois,129,87,57,79,5,37,5,0,217,174,106,80,68,53,16,333,94,36,14,2,8,246,9,3,2,0,0,27,73,0,9
2011,Indiana,103,58,44,57,1,45,0,0,42,34,4,0,30,26,0,67,53,44,2,1,0,65,9,8,8,1,0,8,0,0,8
2011,Iowa,9,6,3,4,2,3,0,0,31,25,7,3,18,13,1,11,4,2,2,0,2,6,0,0,0,0,0,5,3,0,0
2011,Kansas,36,20,14,20,0,16,0,0,10,9,4,2,5,5,0,11,6,4,1,1,0,10,5,2,2,1,1,1,0,0,4
2011,Kentucky,39,24,22,21,3,14,1,1,18,15,7,2,8,7,2,25,8,2,1,0,0,6,0,0,0,0,0,1,18,0,0
2011,Louisiana,46,21,10,13,8,22,3,0,9,5,3,2,2,2,1,18,14,5,4,0,4,13,0,0,0,0,0,3,1,0,0
2011,Maine,42,9,6,9,0,33,0,0,104,54,22,11,32,26,0,48,4,2,2,0,2,43,3,0,0,0,0,50,3,0,3
2011,Marshall Islands,-,-,-,-,-,-,-,-,-,-,-,-,-,-,-,,-,-,-,-,-,-,-,-,-,-,-,-,-,-,-
2011,Maryland,102,83,66,82,1,19,0,0,313,197,76,59,121,92,1,246,105,74,14,5,9,228,1,0,0,0,0,115,4,0,1
2011,Massachusetts,298,212,153,209,3,79,7,7,1237,853,29,25,824,704,180,582,48,22,18,1,16,438,21,1,1,0,0,204,126,4,17
2011,Michigan,245,160,120,122,23,84,1,0,212,100,12,10,88,69,22,77,58,35,5,0,5,51,14,8,4,0,0,90,21,1,13
2011,Minnesota,50,28,22,24,4,16,6,0,46,22,2,2,20,18,2,38,28,1,1,0,1,36,5,2,0,0,0,22,1,0,5
2011,Mississippi,59,32,30,32,0,27,0,0,46,41,11,3,30,21,0,24,12,6,6,3,2,18,2,1,0,0,0,5,0,0,2
2011,Missouri,66,54,28,53,1,11,1,0,41,25,7,3,18,15,3,56,34,15,2,2,0,43,5,5,4,0,0,13,11,0,5
2011,Montana,5,2,2,2,0,2,1,0,2,2,2,0,0,0,0,4,1,1,0,0,0,1,0,0,0,0,0,0,3,0,0
2011,Nebraska,10,9,5,8,1,1,0,0,8,7,0,0,7,6,0,3,0,0,0,0,0,2,0,0,0,0,0,1,1,0,0
2011,Nevada,20,16,5,14,2,1,3,1,5,4,0,0,4,4,0,77,70,48,2,2,0,58,9,9,8,0,0,1,17,0,9
2011,New Hampshire,66,32,17,31,0,34,0,0,29,23,9,7,14,11,2,41,3,3,6,3,3,30,0,0,0,0,0,4,5,0,0
2011,New Jersey,194,117,35,107,9,51,26,9,688,604,324,75,280,103,8,801,20,17,42,30,11,632,10,4,0,1,0,76,127,0,9
2011,New Mexico,47,23,21,23,0,24,0,0,51,46,27,21,19,19,1,36,6,6,3,0,3,28,0,0,0,0,0,4,5,0,0
2011,New York,229,150,123,144,6,78,1,0,253,157,5,5,152,130,27,6116,5469,480,693,134,460,4456,32,24,5,5,2,69,967,9,18
2011,North Carolina,79,55,42,51,3,24,0,0,59,37,15,12,22,16,4,56,33,14,4,0,4,45,8,7,2,0,0,18,7,2,6
2011,North Dakota,2,0,0,0,0,2,0,0,4,0,0,0,0,0,3,0,0,0,0,0,0,0,0,0,0,0,0,1,0,0,0
2011,Northern Marianas,1,1,0,1,0,0,0,0,0,0,0,0,0,0,0,0,0,0,0,0,0,0,0,0,0,0,0,0,0,0,0
2011,Ohio,251,59,36,47,12,165,27,3,144,106,51,28,55,43,5,120,52,23,3,2,1,110,9,5,4,0,0,33,7,0,9
2011,Oklahoma,18,18,5,13,0,11,0,0,15,12,0,0,12,11,0,13,6,4,0,0,0,11,1,1,0,0,0,3,2,0,1
2011,Oregon,36,17,8,11,6,19,0,0,58,38,15,12,23,22,10,22,22,1,0,0,0,15,0,0,0,0,0,10,7,0,0
2011,Pennsylvania,270,123,81,123,0,140,7,7,373,198,22,12,176,146,38,838,374,131,64,12,52,646,26,6,3,3,1,137,128,1,22
2011,Puerto Rico,86,75,46,69,6,11,0,0,652,454,411,302,43,42,4,1781,785,439,887,589,138,815,2,1,1,0,0,194,79,0,2
2011,Republic of Palau,0,0,0,0,0,0,0,0,0,0,0,0,0,0,0,0,0,0,0,0,0,0,0,0,0,0,0,0,0,0,0
2011,Rhode Island,27,21,13,21,0,6,0,0,50,26,0,0,26,23,0,39,20,16,3,1,2,36,1,0,0,0,0,24,0,0,1
2011,South Carolina,36,25,25,25,0,11,0,0,5,2,0,0,2,2,0,7,6,3,0,0,0,7,2,1,0,0,0,3,0,0,2
2011,South Dakota,4,3,2,2,0,1,0,0,4,4,1,0,3,3,0,4,4,0,2,0,2,2,0,0,0,0,0,0,0,0,0
2011,Tennessee,95,50,18,50,0,35,10,10,32,19,9,7,10,7,0,69,13,9,3,0,3,66,3,1,1,0,0,13,0,0,3
2011,Texas,301,168,69,163,5,120,13,10,319,188,119,90,69,55,71,359,152,45,13,2,10,281,15,11,5,4,1,60,65,1,10
2011,Utah,11,10,7,9,1,0,1,0,3,3,2,0,1,1,0,6,4,3,2,1,1,4,0,0,0,0,0,0,0,0,0
2011,Vermont,24,11,8,10,1,13,0,0,52,47,19,12,28,22,0,26,0,0,3,3,0,23,0,0,0,0,0,5,0,0,0
2011,Virgin Islands,1,0,0,0,0,1,0,0,2,1,1,1,0,0,1,8,5,4,1,1,0,6,0,0,0,0,0,0,1,0,0
2011,Virginia,136,110,61,93,17,26,0,0,125,107,12,6,95,75,0,45,33,17,3,2,1,35,3,2,2,0,0,18,7,0,3
2011,Washington,66,56,47,56,0,8,2,0,60,43,13,12,30,24,1,93,46,16,9,4,5,72,12,7,5,1,0,16,12,0,11
2011,West Virginia,41,17,15,15,2,24,0,0,23,18,1,0,17,15,0,15,14,13,2,0,2,13,0,0,0,0,0,5,0,0,0
2011,Wisconsin,63,51,25,51,0,12,0,0,49,35,9,4,26,25,0,31,10,5,2,1,1,29,3,0,0,0,0,14,0,0,3
2011,Wyoming,15,11,9,10,1,4,0,0,7,6,0,0,6,1,0,3,2,1,1,0,1,2,1,1,1,0,0,1,0,0,1
2011,US Outlying Areas and Freely Associated States,5025,3223,2332,3017,168,1683,130,53,9219,6055,3223,1978,2832,2171,884,17118,9244,1992,2262,1043,948,12777,370,176,81,43,11,2280,2079,19,308
2012,Alabama,32,19,13,19,0,12,1,0,97,36,19,14,17,15,19,141,64,7,5,0,5,104,0,0,0,0,0,42,32,0,0
2012,Alaska,8,8,4,7,1,0,0,0,1,1,0,0,1,1,0,0,0,0,0,0,0,0,0,0,0,0,0,0,0,0,0
2012,American Samoa,0,0,0,0,0,0,0,0,0,0,0,0,0,0,0,0,0,0,0,0,0,0,0,0,0,0,0,0,0,0,0
2012,Arizona,108,68,46,68,0,40,0,0,62,37,16,13,21,19,1,81,31,15,1,0,0,71,2,1,0,0,0,24,9,0,2
2012,Arkansas,26,13,9,12,1,13,0,0,57,36,0,0,36,30,0,30,30,24,2,0,2,24,3,3,3,0,0,21,4,0,3
2012,Bureau of Indian Education,8,2,2,0,0,3,3,0,10,3,3,3,0,0,4,9,5,5,0,0,0,6,0,0,0,0,0,3,3,0,0
2012,California,1023,755,504,743,12,268,0,0,3180,1859,1696,1100,163,104,461,2966,312,94,114,11,102,2115,61,5,0,4,0,860,737,7,50
2012,Colorado,17,13,8,10,3,4,0,0,42,32,12,8,20,16,1,22,7,6,4,0,4,15,3,1,1,0,0,9,3,0,3
2012,Connecticut,218,124,92,109,5,85,9,1,315,223,87,52,136,97,60,200,56,32,6,2,4,147,3,0,0,1,1,32,47,0,2
2012,Delaware,17,9,4,6,3,8,0,0,15,10,1,1,9,0,0,17,1,1,1,0,1,16,4,0,0,0,0,5,0,0,4
2012,District of Columbia,29,20,15,17,3,9,0,0,45,18,4,1,14,12,0,750,481,48,223,154,69,435,65,43,2,18,3,27,92,0,47
2012,Federated States of Micronesia,0,0,0,0,0,0,0,0,0,0,0,0,0,0,0,0,0,0,0,0,0,0,0,0,0,0,0,0,0,0,0
2012,Florida,119,65,35,49,16,51,3,2,96,72,33,18,39,29,0,212,61,44,12,4,4,171,8,2,1,0,0,24,29,0,8
2012,Georgia,120,73,34,72,1,47,0,0,87,68,11,5,57,44,0,87,58,33,2,0,2,81,8,6,6,0,0,19,4,0,8
2012,Guam,7,5,2,5,0,2,0,0,0,0,0,0,0,0,0,2,2,2,0,0,0,2,0,0,0,0,0,0,0,0,0
2012,Hawaii,19,17,7,17,0,1,1,1,6,3,3,2,0,0,0,61,57,25,5,0,5,31,2,2,2,0,0,3,25,0,2
2012,Idaho,27,20,12,20,0,7,0,0,29,16,1,1,15,12,0,4,3,2,1,1,0,3,0,0,0,0,0,13,0,0,0
2012,Illinois,103,70,48,63,7,25,8,1,235,180,136,84,44,36,26,337,75,20,9,1,8,243,13,2,2,0,0,29,85,0,13
2012,Indiana,133,92,71,92,0,41,0,0,52,42,10,6,32,26,0,65,45,33,5,2,3,59,13,9,4,4,0,10,1,0,9
2012,Iowa,14,6,3,3,3,4,4,0,17,12,3,3,9,9,0,9,2,2,2,0,2,4,1,1,1,0,0,5,3,0,1
2012,Kansas,33,21,10,21,0,12,0,0,12,12,2,1,10,7,0,8,7,6,0,0,0,8,1,1,1,0,0,0,0,0,1
2012,Kentucky,24,13,12,8,5,11,0,0,21,17,8,5,9,7,2,16,2,0,2,0,0,8,0,0,0,0,0,2,6,0,0
2012,Louisiana,54,19,3,16,3,34,1,0,4,4,2,0,2,2,0,15,8,5,0,0,0,13,1,1,0,0,0,0,2,0,1
2012,Maine,25,5,3,3,2,20,0,0,82,42,23,11,19,17,0,50,11,4,5,3,2,41,4,4,0,0,0,40,4,0,4
2012,Maryland,109,86,73,79,7,22,1,0,298,159,58,45,101,76,23,233,87,56,17,3,14,185,0,0,0,0,0,116,31,0,0
2012,Massachusetts,258,182,151,180,2,65,11,11,1138,692,25,22,667,575,165,552,23,11,18,1,16,316,8,0,0,0,0,281,218,2,6
2012,Michigan,274,172,125,145,25,97,5,0,151,82,14,8,68,56,5,86,50,27,6,1,5,69,22,15,10,1,0,64,11,1,20
2012,Minnesota,59,37,32,27,8,16,6,0,58,27,1,0,26,24,9,30,13,2,1,1,0,19,6,4,1,1,1,22,10,0,5
2012,Mississippi,30,17,14,17,0,13,0,0,25,22,11,8,11,11,0,25,12,8,2,1,1,23,1,0,0,0,0,3,0,0,1
2012,Missouri,92,72,42,70,2,20,0,0,58,35,12,10,23,23,0,67,39,16,3,3,0,58,4,1,1,1,0,23,6,0,3
2012,Montana,8,6,5,5,1,2,0,0,2,2,2,0,0,0,0,4,1,0,0,0,0,2,0,0,0,0,0,0,2,0,0
2012,Nebraska,10,7,4,7,0,3,0,0,4,3,0,0,3,3,0,2,0,0,0,0,0,2,0,0,0,0,0,1,0,0,0
2012,Nevada,25,21,13,12,9,3,1,0,2,1,1,1,0,0,0,81,79,63,3,0,3,69,3,3,1,0,0,1,9,1,2
2012,New Hampshire,38,12,7,12,0,25,1,0,21,14,7,6,7,4,2,30,1,0,6,5,1,21,0,0,0,0,0,5,3,0,0
2012,New Jersey,186,110,40,91,19,54,22,1,783,686,365,104,321,137,10,900,14,12,45,39,5,623,14,14,0,12,0,87,232,1,1
2012,New Mexico,64,28,20,28,0,36,0,0,42,35,20,20,15,15,0,46,26,11,5,0,5,34,0,0,0,0,0,7,7,0,0
2012,New York,243,168,145,154,14,74,1,0,319,177,5,5,172,158,28,6025,5433,325,753,126,501,3971,27,24,5,7,2,114,1301,3,17
2012,North Carolina,85,45,30,43,1,40,0,0,62,37,10,8,27,23,3,47,27,13,0,0,0,38,7,6,6,0,0,22,9,0,7
2012,North Dakota,6,4,4,4,0,2,0,0,3,1,0,0,1,0,0,0,0,0,0,0,0,0,0,0,0,0,0,2,0,0,0
2012,Northern Marianas,1,1,0,1,0,0,0,0,0,0,0,0,0,0,0,0,0,0,0,0,0,0,0,0,0,0,0,0,0,0,0
2012,Ohio,240,96,63,79,10,120,24,0,140,120,50,36,70,58,3,123,57,21,5,1,4,116,24,12,9,1,0,17,2,0,23
2012,Oklahoma,17,15,7,15,0,2,0,0,8,8,0,0,8,7,0,16,8,5,1,0,1,15,1,1,1,1,0,0,0,0,0
2012,Oregon,36,21,6,13,8,15,0,0,60,35,7,6,28,23,16,15,0,0,0,0,0,11,1,0,0,0,0,9,4,0,1
2012,Pennsylvania,254,125,77,124,1,121,8,8,361,162,9,9,153,117,45,739,420,115,53,12,41,538,18,12,4,5,2,154,148,0,13
2012,Puerto Rico,82,70,39,68,2,12,0,0,878,679,643,495,36,36,1,2225,1315,367,1180,791,176,968,1,1,0,1,0,198,77,0,0
2012,Republic of Palau,0,0,0,0,0,0,0,0,0,0,0,0,0,0,0,0,0,0,0,0,0,0,0,0,0,0,0,0,0,0,0
2012,Republic of the Marshall Islands,0,0,0,0,0,0,0,0,0,0,0,0,0,0,0,0,0,0,0,0,0,0,0,0,0,0,0,0,0,0,0
2012,Rhode Island,14,10,7,10,0,3,1,1,77,53,1,0,52,45,0,23,11,6,4,0,4,18,0,0,0,0,0,24,1,0,0
2012,South Carolina,39,28,23,28,0,11,0,0,10,5,0,0,5,5,0,13,8,5,0,0,0,13,2,1,1,0,0,5,0,0,2
2012,South Dakota,3,2,2,1,1,1,0,0,3,2,2,1,0,0,0,4,1,0,1,0,1,3,0,0,0,0,0,1,0,0,0
2012,Tennessee,88,57,20,57,0,24,7,7,33,26,8,7,18,15,4,55,37,21,1,0,1,40,3,3,3,0,0,3,14,0,3
2012,Texas,288,140,60,134,6,135,13,12,327,168,79,60,89,65,87,305,125,52,14,3,10,220,15,6,3,1,0,72,71,0,14
2012,Utah,21,19,12,19,0,2,0,0,6,5,2,1,3,3,0,8,7,0,1,1,0,7,0,0,0,0,0,1,0,0,0
2012,Vermont,11,11,7,10,1,0,0,0,31,15,3,3,12,10,0,13,1,1,2,2,0,11,0,0,0,0,0,16,0,0,0
2012,Virgin Islands,6,2,1,2,0,4,0,0,3,3,1,1,2,2,0,7,4,4,1,0,1,5,0,0,0,0,0,0,1,0,0
2012,Virginia,153,78,47,60,18,75,0,0,122,101,16,4,85,79,2,47,30,17,6,5,1,35,5,1,1,0,0,19,6,0,5
2012,Washington,74,50,43,47,3,9,15,0,96,55,8,7,47,36,0,121,69,27,10,1,8,89,9,8,4,1,0,41,22,0,8
2012,West Virginia,26,16,12,16,0,10,0,0,12,11,1,1,10,10,0,18,14,14,0,0,0,17,0,0,0,0,0,1,1,0,0
2012,Wisconsin,62,48,32,46,2,10,4,4,74,49,5,2,44,35,1,34,17,7,5,2,3,28,1,1,1,0,0,24,1,0,1
2012,Wyoming,10,5,4,5,0,5,0,0,8,7,1,1,6,5,0,4,2,1,1,0,1,3,0,0,0,0,0,1,0,0,0
2012,US Outlying Areas and Freely Associated States,5076,3198,2104,2969,205,1728,150,49,9680,6200,3437,2199,2763,2139,978,16980,9249,1615,2543,1176,1016,11164,364,194,74,59,9,2502,3273,15,290
2013,Alabama,15,11,7,10,1,2,2,0,95,36,20,18,16,13,6,184,94,27,6,0,6,134,1,1,0,1,1,53,44,0,0
2013,Alaska,9,9,6,6,0,0,0,0,6,5,0,0,5,5,0,3,2,1,0,0,0,3,0,0,0,0,0,1,0,0,0
2013,American Samoa,0,0,0,0,0,0,0,0,0,0,0,0,0,0,0,0,0,0,0,0,0,0,0,0,0,0,0,0,0,0,0
2013,Arizona,78,47,29,47,0,31,0,0,59,36,14,9,22,17,1,66,23,15,1,0,1,52,3,1,1,0,0,22,13,0,3
2013,Arkansas,19,9,6,9,0,10,0,0,49,34,1,0,33,33,0,46,46,40,4,4,0,40,4,4,4,0,0,15,2,0,4
2013,Bureau of Indian Education,3,1,1,1,0,2,0,0,2,1,1,1,0,0,1,5,5,2,0,0,0,5,0,0,0,0,0,0,0,0,0
2013,California,"1,020",672,362,657,15,348,0,0,"3,636","2,025","1,833","1,209",192,111,425,3386,428,140,121,15,106,"2,462",74,9,5,5,1,"1,186",803,6,63
2013,Colorado,16,12,10,7,5,4,0,0,53,35,11,5,24,17,4,22,5,3,2,0,2,16,0,0,0,0,0,14,4,0,0
2013,Connecticut,197,103,66,77,9,92,2,1,343,255,87,57,168,118,42,237,71,32,10,4,6,177,11,8,6,2,2,46,50,0,9
2013,Delaware,12,7,4,6,1,5,0,0,8,8,1,1,7,4,0,19,4,4,0,0,0,19,1,0,0,0,0,0,0,0,1
2013,District of Columbia,21,19,15,17,2,1,1,1,8,3,2,2,1,0,1,639,474,13,245,191,54,317,40,26,0,20,2,4,77,3,17
2013,Federated States of Micronesia,0,0,0,0,0,0,0,0,0,0,0,0,0,0,0,0,0,0,0,0,0,0,0,0,0,0,0,0,0,0,0
2013,Florida,123,76,38,64,12,46,1,1,73,46,20,16,26,8,7,189,44,26,11,3,4,157,11,4,4,1,0,20,21,1,9
2013,Georgia,101,76,31,76,0,25,0,0,69,49,16,9,33,22,0,108,59,37,10,0,10,94,8,3,2,0,0,20,4,0,8
2013,Guam,11,10,3,10,0,1,0,0,0,0,0,0,0,0,0,2,1,1,0,0,0,1,0,0,0,0,0,0,1,0,0
2013,Hawaii,23,10,3,7,3,13,0,0,14,5,0,0,5,5,3,79,56,9,10,0,10,49,1,0,0,0,0,6,20,1,0
2013,Idaho,25,18,11,18,0,7,0,0,15,10,1,0,9,9,0,3,2,0,0,0,0,3,0,0,0,0,0,5,0,0,0
2013,Illinois,99,64,39,52,8,31,4,0,189,146,104,75,42,36,21,296,90,17,9,1,8,213,8,1,1,0,0,22,74,1,7
2013,Indiana,119,61,45,61,0,58,0,0,62,53,5,3,48,39,0,62,46,37,4,0,4,48,2,2,2,0,0,9,10,0,2
2013,Iowa,15,8,8,4,4,6,1,0,34,22,3,2,19,16,4,15,4,1,1,0,1,8,0,0,0,0,0,8,6,0,0
2013,Kansas,31,20,9,20,0,11,0,0,17,16,2,0,14,12,0,10,5,2,2,2,0,8,5,2,1,1,0,1,0,0,4
2013,Kentucky,19,10,8,8,2,9,0,0,6,4,1,1,3,2,0,12,6,2,0,0,0,10,0,0,0,0,0,2,2,0,0
2013,Louisiana,33,13,3,13,0,20,0,0,5,2,2,2,0,0,0,11,9,5,0,0,0,11,1,1,1,0,0,3,0,0,1
2013,Maine,23,3,2,3,0,20,0,0,58,29,10,5,19,17,0,23,4,0,0,0,0,22,2,0,0,0,0,29,1,0,2
2013,Maryland,111,77,64,72,4,33,1,0,259,134,54,36,80,58,21,224,74,43,15,3,12,169,2,1,1,0,0,104,40,0,2
2013,Massachusetts,360,237,167,236,1,114,9,9,"1,030",694,34,25,660,556,112,590,20,5,16,0,16,318,9,0,0,0,0,224,256,0,9
2013,Michigan,257,190,124,163,21,66,1,0,90,48,9,8,39,31,2,56,28,16,2,2,0,52,11,4,1,2,0,40,2,0,9
2013,Minnesota,74,59,49,48,7,15,0,0,61,28,0,0,28,20,13,25,11,1,2,1,1,18,6,2,1,1,0,20,5,0,5
2013,Mississippi,61,42,28,42,0,19,0,0,12,12,3,2,9,5,0,4,1,1,0,0,0,4,0,0,0,0,0,0,0,0,0
2013,Missouri,76,65,37,65,0,11,0,0,31,20,8,7,12,11,1,64,37,14,7,2,5,52,2,0,0,1,0,10,5,0,1
2013,Montana,8,6,6,6,0,2,0,0,0,0,0,0,0,0,0,1,0,0,1,0,1,0,0,0,0,0,0,0,0,0,0
2013,Nebraska,5,3,1,3,0,1,1,0,4,2,0,0,2,1,1,1,0,0,0,0,0,1,0,0,0,0,0,1,0,0,0
2013,Nevada,9,2,0,2,0,6,1,0,4,2,2,1,0,0,0,98,89,58,0,0,0,79,0,0,0,0,0,2,19,0,0
2013,New Hampshire,37,18,12,16,0,19,0,0,31,29,9,9,20,11,1,33,5,4,7,4,3,26,0,0,0,0,0,1,0,0,0
2013,New Jersey,227,118,41,105,13,67,42,42,750,599,345,105,254,124,0,1031,16,15,49,41,6,658,16,1,1,1,0,151,324,0,15
2013,New Mexico,44,23,17,22,1,20,1,1,43,37,21,19,16,9,1,39,22,13,2,0,2,35,2,2,1,1,0,5,2,0,1
2013,New York,256,184,139,171,12,72,0,0,356,217,19,14,198,175,12,6417,"5,778",272,813,99,601,"3,878",27,21,6,3,1,127,"1,726",3,21
2013,North Carolina,114,80,59,58,13,34,0,0,69,44,13,11,31,23,0,36,20,10,0,0,0,34,1,1,1,0,0,25,2,0,1
2013,North Dakota,3,1,1,1,0,2,0,0,2,1,0,0,1,0,0,4,2,0,0,0,0,2,0,0,0,0,0,1,2,0,0
2013,Northern Marianas,1,1,0,1,0,0,0,0,0,0,0,0,0,0,0,0,0,0,0,0,0,0,0,0,0,0,0,0,0,0,0
2013,Ohio,202,114,78,103,8,88,0,0,156,128,58,43,70,59,0,126,66,28,6,3,3,117,26,19,12,3,0,28,3,0,23
2013,Oklahoma,35,22,12,21,1,13,0,0,17,16,1,1,15,12,0,19,9,6,1,0,1,17,1,1,1,0,0,1,1,0,1
2013,Oregon,44,19,9,14,5,17,8,0,43,32,13,12,19,15,2,23,4,1,3,1,2,15,1,1,1,0,0,9,5,0,1
2013,Pennsylvania,250,88,64,88,0,159,3,3,271,113,12,7,101,80,21,712,382,127,55,13,34,510,17,4,0,3,0,137,147,2,12
2013,Puerto Rico,27,9,7,8,1,18,0,0,879,578,533,463,45,45,0,2420,573,302,"1,347",905,204,880,0,0,0,0,0,301,193,0,0
2013,Republic of Palau,0,0,0,0,0,0,0,0,0,0,0,0,0,0,0,0,0,0,0,0,0,0,0,0,0,0,0,0,0,0,0
2013,Republic of the Marshall Islands,0,0,0,0,0,0,0,0,0,0,0,0,0,0,0,0,0,0,0,0,0,0,0,0,0,0,0,0,0,0,0
2013,Rhode Island,16,12,11,12,0,3,1,1,63,41,0,0,41,41,0,38,28,16,1,1,0,34,0,0,0,0,0,22,3,0,0
2013,South Carolina,39,20,20,20,0,19,0,0,8,2,0,0,2,2,0,17,13,8,3,2,1,14,3,3,3,0,0,6,0,0,3
2013,South Dakota,5,4,4,4,0,1,0,0,2,1,0,0,1,1,0,2,1,0,1,0,1,1,1,1,0,0,0,1,0,0,1
2013,Tennessee,72,47,19,47,0,17,8,8,32,16,9,7,7,7,9,62,32,24,1,0,1,51,4,4,4,0,0,7,10,0,4
2013,Texas,297,120,52,115,4,163,14,11,343,193,108,85,85,69,85,320,108,31,16,4,12,242,12,4,2,2,0,65,62,0,10
2013,Utah,22,18,10,17,1,0,4,0,5,3,1,1,2,2,0,6,0,0,1,0,1,5,0,0,0,0,0,2,0,0,0
2013,Vermont,9,3,3,3,0,6,0,0,27,25,7,6,18,13,0,14,1,1,3,2,1,11,0,0,0,0,0,2,0,0,0
2013,Virgin Islands,5,2,1,2,0,3,0,0,0,0,0,0,0,0,0,5,5,5,0,0,0,5,0,0,0,0,0,0,0,0,0
2013,Virginia,125,55,22,39,16,66,4,0,116,89,8,4,81,66,0,54,35,17,8,8,0,42,8,7,6,1,0,27,4,1,6
2013,Washington,83,69,63,63,0,14,0,0,91,50,16,13,34,26,5,105,47,13,9,3,6,63,4,2,1,3,1,36,33,0,1
2013,West Virginia,37,17,14,16,0,20,0,0,17,13,1,0,12,11,0,22,13,11,2,0,2,20,1,1,1,0,0,4,0,0,1
2013,Wisconsin,67,54,41,54,0,13,0,0,68,43,6,3,37,32,0,25,11,7,6,1,5,19,1,0,0,0,0,25,0,0,1
2013,Wyoming,7,5,5,4,0,2,0,0,7,5,1,1,4,2,0,1,1,0,0,0,0,1,0,0,0,0,0,2,0,0,0
2013,US Outlying Areas and Freely Associated States,"4,997","3,043","1,886","2,814",170,"1,845",109,78,"9,688","6,035","3,425","2,298","2,610","1,991",801,18011,"8,910","1,463","2,813","1,315","1,133","11,222",327,141,70,51,8,"2,852","3,976",18,258
2014,Alabama,7,5,4,4,1,2,0,0,107,44,27,21,17,14,12,173,91,17,3,0,3,133,1,1,1,0,0,51,37,0,1
2014,Alaska,10,10,5,7,3,0,0,0,10,9,0,0,9,8,0,5,3,3,0,0,0,5,0,0,0,0,0,1,0,0,0
2014,American Samoa,0,0,0,0,0,0,0,0,0,0,0,0,0,0,0,0,0,0,0,0,0,0,0,0,0,0,0,0,0,0,0
2014,Arizona,80,52,36,52,0,28,0,0,61,35,10,5,25,17,9,51,21,11,4,0,4,42,2,1,0,0,0,17,5,0,2
2014,Arkansas,19,9,9,9,0,10,0,0,9,5,0,0,5,5,1,29,29,1,4,4,0,21,2,2,1,0,0,3,4,0,2
2014,Bureau of Indian Education,11,9,9,0,0,2,0,0,2,2,2,2,0,0,0,4,2,0,0,0,0,4,0,0,0,0,0,0,0,0,0
2014,California,988,708,385,707,1,280,0,0,"3,862","2,186","2,031","1,282",155,88,510,3714,570,172,83,10,72,"2,738",64,7,5,6,1,"1,166",893,14,44
2014,Colorado,18,12,7,9,3,5,1,1,60,35,16,9,19,12,5,36,6,5,4,1,3,20,2,1,1,0,0,20,12,0,2
2014,Connecticut,196,80,52,57,3,101,15,6,360,265,90,59,175,123,51,250,64,32,2,0,2,174,6,2,1,0,0,44,74,0,6
2014,Delaware,7,3,2,3,0,4,0,0,14,11,3,2,8,8,2,19,4,1,0,0,0,19,2,0,0,0,0,1,0,0,2
2014,District of Columbia,25,17,14,11,6,8,0,0,29,17,6,5,11,6,1,457,370,0,138,93,45,274,26,22,0,9,0,11,45,2,15
2014,Federated States of Micronesia,0,0,0,0,0,0,0,0,0,0,0,0,0,0,0,0,0,0,0,0,0,0,0,0,0,0,0,0,0,0,0
2014,Florida,182,82,58,61,21,93,7,2,86,54,21,9,33,21,2,195,68,48,6,2,4,155,9,3,2,0,0,30,34,0,9
2014,Georgia,120,88,30,88,0,32,0,0,74,56,13,4,43,30,0,101,62,39,4,0,4,81,6,3,2,0,0,18,16,0,6
2014,Guam,10,9,4,0,0,1,0,0,0,0,0,0,0,0,0,6,5,5,0,0,0,6,0,0,0,0,0,0,0,0,0
2014,Hawaii,12,8,0,8,0,4,0,0,3,2,2,0,0,0,1,70,54,28,11,1,10,48,1,1,0,1,0,0,11,0,0
2014,Idaho,27,18,16,17,1,9,0,0,21,14,1,1,13,13,0,9,8,0,4,2,2,5,1,0,0,0,0,7,0,0,1
2014,Illinois,128,79,49,63,16,39,10,1,246,194,130,96,64,49,20,320,74,28,8,1,7,222,9,2,0,1,1,32,90,0,8
2014,Indiana,108,46,32,46,0,62,0,0,59,53,6,6,47,47,0,64,46,38,1,1,0,61,7,5,3,0,0,6,2,1,6
2014,Iowa,15,8,0,3,5,4,3,0,21,7,4,3,3,3,6,18,2,1,0,0,0,12,0,0,0,0,0,8,6,0,0
2014,Kansas,29,21,12,21,0,8,0,0,19,15,1,1,14,11,0,8,4,2,1,0,1,7,1,0,0,0,0,4,0,0,1
2014,Kentucky,10,7,6,3,4,3,0,0,14,14,9,7,5,5,0,21,6,1,0,0,0,11,0,0,0,0,0,0,10,0,0
2014,Louisiana,37,11,3,8,3,23,3,0,12,9,3,3,6,5,1,14,8,4,1,0,1,13,0,0,0,0,0,2,0,0,0
2014,Maine,22,2,1,2,0,20,0,0,74,50,32,18,18,13,0,39,4,1,1,0,1,35,4,0,0,0,0,24,3,0,4
2014,Maryland,94,72,67,70,2,18,4,1,253,129,59,51,70,54,13,211,71,43,15,5,10,171,0,0,0,0,0,111,25,0,0
2014,Massachusetts,393,274,188,274,0,93,26,14,"1,085",658,31,27,627,528,94,492,19,8,5,0,5,291,5,5,0,0,0,333,196,0,5
2014,Michigan,223,147,120,130,16,74,2,1,101,76,16,12,60,47,3,63,27,10,2,1,1,48,10,4,4,1,1,22,13,1,8
2014,Minnesota,87,66,45,63,3,18,3,1,71,32,1,0,31,26,9,18,10,4,1,1,0,14,2,1,1,0,0,30,3,0,2
2014,Mississippi,61,37,25,37,0,24,0,0,15,10,1,1,9,9,0,12,7,3,0,0,0,12,0,0,0,0,0,5,0,0,0
2014,Missouri,68,52,33,51,1,16,0,0,42,32,5,2,27,26,2,48,36,16,1,0,1,28,1,1,0,0,0,8,19,0,1
2014,Montana,5,1,1,1,0,4,0,0,2,2,1,0,1,1,0,3,2,0,0,0,0,0,0,0,0,0,0,0,3,0,0
2014,Nebraska,9,6,5,5,0,3,0,0,3,3,0,0,3,3,0,1,1,1,0,0,0,1,0,0,0,0,0,0,0,0,0
2014,Nevada,15,12,8,8,0,3,0,0,4,3,2,2,1,1,0,83,81,65,2,1,1,70,0,0,0,0,0,1,11,0,0
2014,New Hampshire,36,18,12,16,2,18,0,0,37,36,14,14,22,16,0,38,5,2,5,4,1,33,2,0,0,1,0,1,0,0,1
2014,New Jersey,244,112,31,103,9,61,71,71,884,727,389,96,338,143,18,1211,13,8,52,45,5,890,14,1,1,2,0,139,269,0,12
2014,New Mexico,38,19,18,18,0,18,1,1,31,29,14,10,15,12,1,23,11,11,2,0,2,19,0,0,0,0,0,1,2,0,0
2014,New York,276,175,151,166,7,101,0,0,337,218,20,15,198,178,2,5170,"4,797",231,459,94,300,"3,492",34,25,3,6,2,117,"1,219",4,24
2014,North Carolina,104,64,47,51,9,40,0,0,90,70,23,13,47,33,5,51,18,3,4,0,4,27,3,0,0,0,0,15,20,1,2
2014,North Dakota,5,1,0,1,0,4,0,0,6,5,0,0,5,0,0,2,0,0,0,0,0,2,0,0,0,0,0,1,0,0,0
2014,Northern Marianas,1,1,0,1,0,0,0,0,0,0,0,0,0,0,0,0,0,0,0,0,0,0,0,0,0,0,0,0,0,0,0
2014,Ohio,156,83,62,80,3,73,0,0,184,148,70,41,78,67,1,175,79,34,12,7,5,150,25,17,9,4,0,35,13,0,21
2014,Oklahoma,36,22,7,20,2,14,0,0,23,23,2,2,21,20,0,16,9,9,0,0,0,16,0,0,0,0,0,0,0,0,0
2014,Oregon,46,16,11,12,4,20,10,0,52,30,4,4,26,22,12,14,2,0,1,0,1,12,0,0,0,0,0,10,1,0,0
2014,Pennsylvania,225,96,62,93,3,125,4,4,386,186,19,10,167,135,57,804,503,167,65,17,47,561,20,12,5,5,0,143,178,0,15
2014,Puerto Rico,35,28,20,25,3,7,0,0,747,351,317,302,34,34,0,2354,353,231,"1,628",931,84,639,0,0,0,0,0,396,87,0,0
2014,Republic of Palau,0,0,0,0,0,0,0,0,0,0,0,0,0,0,0,0,0,0,0,0,0,0,0,0,0,0,0,0,0,0,0
2014,Republic of the Marshall Islands,0,0,0,0,0,0,0,0,0,0,0,0,0,0,0,0,0,0,0,0,0,0,0,0,0,0,0,0,0,0,0
2014,Rhode Island,17,15,10,15,0,2,0,0,57,42,2,1,40,0,0,29,15,9,5,2,3,21,0,0,0,0,0,15,3,0,0
2014,South Carolina,46,30,25,30,0,16,0,0,5,2,1,0,1,0,0,25,14,6,1,1,0,23,6,3,3,0,0,3,1,0,6
2014,South Dakota,8,8,8,7,1,0,0,0,7,4,1,1,3,2,0,3,1,1,1,0,1,2,1,1,1,0,0,3,0,0,1
2014,Tennessee,70,45,19,44,1,21,4,4,30,17,11,8,6,6,7,56,24,13,0,0,0,46,2,1,1,0,0,6,10,0,2
2014,Texas,277,124,56,123,1,143,10,4,305,176,110,79,66,61,79,370,143,67,14,1,13,270,33,17,14,1,0,50,86,3,29
2014,Utah,20,17,11,17,0,2,1,0,7,6,1,1,5,5,0,6,5,0,1,1,0,5,0,0,0,0,0,1,0,0,0
2014,Vermont,8,6,6,4,2,2,0,0,42,36,17,15,19,15,0,27,6,6,0,0,0,27,1,1,1,0,0,6,0,0,1
2014,Virgin Islands,2,0,0,0,0,2,0,0,0,0,0,0,0,0,0,3,2,2,0,0,0,3,0,0,0,0,0,0,0,0,0
2014,Virginia,129,38,20,31,7,76,15,0,142,119,11,6,108,85,1,52,33,20,5,5,0,43,3,1,1,0,0,22,4,0,3
2014,Washington,81,72,57,69,3,9,0,0,67,39,17,13,22,20,0,107,48,9,11,0,11,84,8,6,1,1,0,28,12,0,7
2014,West Virginia,39,20,8,17,3,19,0,0,14,10,1,1,9,9,0,15,10,10,1,0,1,14,0,0,0,0,0,4,0,0,0
2014,Wisconsin,69,50,33,48,2,18,1,0,87,67,6,3,61,59,0,18,6,3,3,2,1,15,0,0,0,0,0,20,0,0,0
2014,Wyoming,7,5,4,5,0,2,0,0,1,1,1,1,0,0,0,4,3,3,0,0,0,4,1,1,1,0,0,0,0,0,1
2014,US Outlying Areas and Freely Associated States,"4,991","3,016","1,904","2,814",151,"1,784",191,111,"10,260","6,364","3,574","2,264","2,790","2,095",925,17107,"7,855","1,432","2,571","1,233",656,"11,119",314,147,62,38,5,"2,971","3,417",26,250
2015,Alabama,11,5,2,4,1,6,0,0,150,62,24,23,38,29,35,172,91,31,2,1,1,140,1,1,1,0,0,53,30,0,1
2015,Alaska,6,4,4,0,0,2,0,0,5,5,0,0,5,5,0,6,6,0,1,0,1,4,1,1,0,0,0,0,1,0,1
2015,American Samoa,0,0,0,0,0,0,0,0,0,0,0,0,0,0,0,0,0,0,0,0,0,0,0,0,0,0,0,0,0,0,0
2015,Arizona,103,61,40,61,0,42,0,0,70,46,19,14,27,22,2,68,22,13,1,1,0,54,3,2,2,1,0,22,13,0,2
2015,Arkansas,16,9,5,9,0,7,0,0,44,26,0,0,26,24,0,49,37,1,13,12,1,32,4,4,1,2,0,18,4,0,2
2015,Bureau of Indian Education,8,8,8,2,0,0,0,0,6,5,4,3,1,1,1,4,4,3,0,0,0,3,0,0,0,0,0,0,1,0,0
2015,California,894,692,448,692,0,202,0,0,"2,286","2,286","2,107","1,306",179,67,0,6440,1069,344,111,30,81,"3,286",96,22,11,2,0,0,3043,24,70
2015,Colorado,27,15,10,13,2,12,0,0,58,33,16,13,17,11,6,40,12,6,4,2,2,29,7,1,1,0,0,19,7,2,5
2015,Connecticut,186,89,64,73,4,86,11,3,366,269,88,63,181,122,43,247,69,21,6,0,6,176,7,1,1,0,0,54,65,2,5
2015,Delaware,15,8,4,6,2,7,0,0,18,13,4,3,9,7,3,33,10,5,6,2,4,25,6,1,0,1,0,2,2,0,5
2015,District of Columbia,26,20,13,15,5,5,1,0,33,21,5,4,16,10,1,353,223,31,101,75,26,211,34,31,13,8,0,11,41,5,21
2015,Federated States of Micronesia,0,0,0,0,0,0,0,0,0,0,0,0,0,0,0,0,0,0,0,0,0,0,0,0,0,0,0,0,0,0,0
2015,Florida,196,112,53,98,14,80,4,0,59,38,12,4,26,19,0,206,59,47,7,2,5,187,8,3,2,0,0,21,12,0,8
2015,Georgia,128,95,43,94,1,33,0,0,94,68,19,8,49,25,2,141,110,71,0,0,0,128,16,14,11,0,0,24,13,0,16
2015,Guam,1,1,1,1,0,0,0,0,0,0,0,0,0,0,0,2,1,1,0,0,0,1,0,0,0,0,0,0,1,0,0
2015,Hawaii,14,9,4,9,0,4,1,0,1,1,1,0,0,0,0,87,78,55,7,0,7,55,0,0,0,0,0,0,25,0,0
2015,Idaho,19,15,11,15,0,4,0,0,17,12,2,2,10,8,0,5,3,1,2,1,1,3,3,1,1,0,0,5,0,0,3
2015,Illinois,106,53,39,39,12,32,21,2,252,186,118,69,68,51,34,252,66,24,8,1,6,162,12,8,2,2,1,32,82,0,10
2015,Indiana,134,41,27,41,0,93,0,0,71,60,4,3,56,50,0,73,53,27,4,2,2,67,4,2,2,0,0,11,2,0,4
2015,Iowa,12,3,0,1,2,7,2,0,25,17,6,5,11,8,2,13,4,3,0,0,0,11,0,0,0,0,0,6,2,0,0
2015,Kansas,34,20,14,20,0,13,1,1,23,20,4,1,16,13,0,12,5,3,3,1,2,8,2,0,0,1,1,3,1,0,1
2015,Kentucky,12,7,6,5,2,3,2,1,16,15,4,1,11,5,1,15,9,4,2,2,0,10,1,1,1,1,0,0,3,0,0
2015,Louisiana,37,12,6,2,10,24,1,1,10,6,2,0,4,2,0,14,11,6,0,0,0,14,2,0,0,0,0,4,0,0,2
2015,Maine,27,7,2,6,1,19,1,0,79,39,14,9,25,19,1,38,0,0,2,2,0,36,2,0,0,0,0,39,0,0,2
2015,Maryland,155,128,112,108,5,27,0,0,256,114,47,36,67,50,24,215,59,32,11,1,10,172,1,1,0,0,0,118,32,0,1
2015,Massachusetts,579,394,262,394,0,149,36,10,"1,132",703,33,21,670,587,135,568,24,10,7,1,6,373,10,0,0,0,0,294,188,0,10
2015,Michigan,274,200,165,163,35,74,0,0,102,71,11,7,60,51,4,69,41,21,3,2,1,56,6,5,5,0,0,27,10,0,6
2015,Minnesota,139,94,70,86,8,33,12,0,66,32,0,0,32,31,10,30,19,2,3,3,0,19,2,1,0,0,0,24,8,0,2
2015,Mississippi,61,37,25,37,0,24,0,0,15,10,1,1,9,9,0,12,7,3,0,0,0,12,0,0,0,0,0,5,0,0,0
2015,Missouri,64,53,30,53,0,11,0,0,29,21,6,5,15,12,1,51,34,18,2,1,1,42,0,0,0,0,0,7,7,0,0
2015,Montana,7,4,2,3,1,2,1,0,3,3,1,1,2,2,0,4,1,0,1,1,0,0,0,0,0,0,0,0,3,0,0
2015,Nebraska,6,3,2,3,0,2,1,0,3,3,0,0,3,3,0,5,2,1,0,0,0,5,0,0,0,0,0,0,0,0,0
2015,Nevada,10,8,8,6,2,1,1,0,7,5,4,3,1,1,1,102,93,67,2,1,1,82,6,6,6,0,0,1,18,0,6
2015,New Hampshire,35,16,12,16,0,19,0,0,36,33,11,6,22,14,0,19,5,5,4,2,2,14,1,0,0,0,0,3,1,0,1
2015,New Jersey,286,112,56,91,21,158,16,16,898,760,432,114,328,138,1,1234,22,22,67,58,4,880,6,0,0,4,1,137,287,0,2
2015,New Mexico,46,26,22,25,1,20,0,0,49,40,24,16,16,13,2,31,1,1,2,0,2,28,1,1,1,0,0,7,1,0,1
2015,New York,216,128,103,123,3,87,1,0,353,212,15,13,197,163,11,5305,"5,036",161,453,54,317,"3,105",25,19,1,5,3,130,"1,747",2,18
2015,North Carolina,100,53,43,36,6,45,2,1,94,65,31,16,34,24,2,81,43,21,1,0,1,54,4,2,2,0,0,27,26,0,4
2015,North Dakota,4,3,1,3,0,1,0,0,3,2,0,0,2,0,0,1,0,0,0,0,0,1,0,0,0,0,0,1,0,0,0
2015,Northern Marianas,0,0,0,0,0,0,0,0,0,0,0,0,0,0,0,0,0,0,0,0,0,0,0,0,0,0,0,0,0,0,0
2015,Ohio,208,121,91,111,10,86,1,1,185,149,61,36,88,77,2,171,70,35,12,8,4,153,22,10,6,1,0,34,6,0,21
2015,Oklahoma,27,16,8,16,0,11,0,0,8,8,1,1,7,5,0,9,9,6,1,1,0,6,1,1,1,0,0,0,2,0,1
2015,Oregon,45,28,15,25,3,17,0,0,56,37,11,10,26,21,10,22,7,1,3,1,2,15,0,0,0,0,0,9,4,0,0
2015,Pennsylvania,268,134,83,134,0,132,2,2,424,199,9,5,190,153,45,783,432,189,52,14,38,606,17,6,5,2,0,180,125,0,15
2015,Puerto Rico,23,22,15,22,0,1,0,0,768,541,507,476,34,33,0,2052,505,315,"1,056",607,172,964,0,0,0,0,0,227,32,0,0
2015,Republic of Palau,0,0,0,0,0,0,0,0,0,0,0,0,0,0,0,0,0,0,0,0,0,0,0,0,0,0,0,0,0,0,0
2015,Republic of the Marshall Islands,0,0,0,0,0,0,0,0,0,0,0,0,0,0,0,0,0,0,0,0,0,0,0,0,0,0,0,0,0,0,0
2015,Rhode Island,11,8,6,8,0,3,0,0,57,40,4,3,36,30,0,27,12,8,4,1,3,18,0,0,0,0,0,17,5,0,0
2015,South Carolina,22,18,15,15,0,4,0,0,3,2,1,0,1,1,0,11,9,7,0,0,0,11,3,2,1,0,0,1,0,0,3
2015,South Dakota,8,8,5,8,0,0,0,0,5,2,2,2,0,0,0,3,1,1,0,0,0,3,0,0,0,0,0,3,0,0,0
2015,Tennessee,88,59,25,59,0,20,9,9,27,22,13,11,9,6,3,65,43,28,1,0,1,55,7,5,4,0,0,2,9,0,7
2015,Texas,278,130,63,125,5,142,6,4,360,226,146,115,80,55,90,355,142,68,11,1,10,282,30,9,7,1,0,44,62,2,27
2015,Utah,15,9,4,9,0,0,6,1,11,8,2,2,6,5,0,6,2,2,0,0,0,4,0,0,0,0,0,3,2,0,0
2015,Vermont,3,2,2,2,0,1,0,0,30,30,14,9,16,12,0,19,1,1,1,1,0,18,0,0,0,0,0,0,0,0,0
2015,Virgin Islands,0,0,0,0,0,0,0,0,0,0,0,0,0,0,0,1,1,1,0,0,0,1,0,0,0,0,0,0,0,0,0
2015,Virginia,146,71,26,53,18,75,0,0,151,113,9,5,104,88,4,50,34,21,6,6,0,34,4,4,4,0,0,34,10,0,4
2015,Washington,97,84,64,83,1,11,2,1,74,40,12,7,28,24,6,119,57,19,6,1,5,82,12,7,3,1,0,28,31,2,9
2015,West Virginia,25,11,8,11,0,14,0,0,11,10,3,3,7,6,0,13,6,6,0,0,0,12,1,0,0,0,0,1,1,0,1
2015,Wisconsin,79,57,37,54,3,17,5,2,120,88,11,8,77,68,0,20,9,4,1,0,1,19,2,1,1,0,0,32,0,0,2
2015,Wyoming,14,6,3,6,0,6,2,0,6,5,1,1,4,3,0,4,1,1,0,0,0,3,0,0,0,0,0,1,1,0,0
2015,US Outlying Areas and Freely Associated States,5351,3329,2187,3094,178,1874,148,55,9025,6822,3876,2464,2946,2183,482,19727,8670,1774,1990,899,726,11771,370,173,96,32,6,1721,5966,39,299
2016,Alabama,7,5,2,3,2,2,0,0,111,55,11,9,44,42,21,167,102,18,1,0,1,137,0,0,0,0,0,35,29,0,0
2016,Alaska,10,9,5,9,0,1,0,0,6,5,0,0,5,5,0,16,16,4,2,0,2,13,0,0,0,0,0,1,1,0,0
2016,American Samoa,0,0,0,0,0,0,0,0,0,0,0,0,0,0,0,0,0,0,0,0,0,0,0,0,0,0,0,0,0,0,0
2016,Arizona,84,59,37,59,0,25,0,0,67,40,22,11,18,12,3,76,18,10,0,0,0,57,2,0,0,0,0,24,19,0,2
2016,Arkansas,25,16,7,5,7,9,0,0,12,3,0,0,3,3,0,30,16,2,6,2,4,23,2,1,0,1,1,9,1,0,1
2016,Bureau of Indian Education,8,8,6,0,0,0,0,0,2,2,0,0,2,2,0,0,0,0,0,0,0,0,0,0,0,0,0,0,0,0,0
2016,California,941,818,486,811,0,116,7,0,"4,670","2,254","2,129","1,174",125,60,586,4467,1434,448,134,31,102,"3,302",104,22,8,5,1,"1,830",1031,29,70
2016,Colorado,25,18,11,15,3,5,2,0,43,29,16,11,13,8,7,35,8,5,5,0,5,20,2,2,2,0,0,7,10,0,2
2016,Connecticut,174,71,46,50,1,85,18,4,330,240,96,63,144,89,47,271,85,47,5,1,4,189,6,2,1,0,0,43,77,0,6
2016,Delaware,11,8,8,7,1,3,0,0,9,6,0,0,6,3,1,12,4,4,1,0,0,9,6,3,3,0,0,2,2,0,6
2016,District of Columbia,15,14,11,9,5,1,0,0,34,19,6,3,13,10,2,323,239,42,98,51,47,174,32,29,7,12,6,13,51,3,17
2016,Federated States of Micronesia,0,0,0,0,0,0,0,0,0,0,0,0,0,0,0,0,0,0,0,0,0,0,0,0,0,0,0,0,0,0,0
2016,Florida,156,112,24,104,8,41,3,1,62,42,5,1,37,27,0,188,54,16,9,3,6,154,9,7,3,2,0,20,25,0,7
2016,Georgia,127,93,43,90,3,34,0,0,115,90,27,10,63,39,6,137,83,48,3,1,2,102,8,4,2,0,0,19,32,4,4
2016,Guam,7,5,4,0,0,2,0,0,2,2,1,1,1,1,0,8,7,6,0,0,0,8,0,0,0,0,0,0,0,0,0
2016,Hawaii,11,7,1,7,0,3,1,1,8,4,3,2,1,0,0,87,78,34,4,0,4,34,0,0,0,0,0,4,49,0,0
2016,Idaho,28,22,16,22,0,6,0,0,19,9,1,1,8,6,0,5,4,2,2,0,2,3,1,0,0,0,0,10,0,0,1
2016,Illinois,100,47,38,42,4,45,8,0,329,264,174,121,90,71,27,309,40,17,10,2,8,263,11,7,0,2,0,38,36,0,9
2016,Indiana,124,52,19,52,0,72,0,0,59,42,1,0,41,38,8,74,57,20,4,3,1,69,12,5,3,2,0,9,1,0,10
2016,Iowa,24,8,5,2,6,14,2,0,35,20,14,12,6,5,4,21,5,4,1,1,0,16,0,0,0,0,0,11,4,0,0
2016,Kansas,24,15,8,15,0,9,0,0,16,16,3,3,13,11,0,11,4,3,2,0,2,6,1,1,1,0,0,0,3,0,1
2016,Kentucky,15,11,8,8,2,4,0,0,9,8,4,1,4,2,0,26,17,14,1,0,1,18,0,0,0,0,0,1,7,0,0
2016,Louisiana,34,11,6,6,5,23,0,0,8,7,2,0,5,5,0,9,3,2,2,2,0,7,2,0,0,0,0,1,0,0,2
2016,Maine,23,7,4,6,1,16,0,0,76,43,34,19,9,7,1,55,2,0,6,5,1,44,4,0,0,2,0,32,5,0,2
2016,Maryland,157,131,103,105,3,22,4,0,293,163,75,52,88,61,8,282,88,46,15,10,5,239,0,0,0,0,0,122,28,0,0
2016,Massachusetts,580,515,198,498,16,64,1,1,"1,132",653,17,11,636,530,148,495,14,8,8,4,4,322,12,0,0,1,1,331,165,0,11
2016,Michigan,215,163,120,162,1,50,2,0,142,97,14,9,83,67,5,72,35,15,1,0,1,56,16,6,3,0,0,40,15,1,15
2016,Minnesota,115,80,57,77,3,34,1,0,73,41,2,1,39,37,6,20,11,1,2,1,1,13,0,0,0,0,0,26,5,0,0
2016,Mississippi,74,37,26,35,0,37,0,0,29,23,0,0,23,20,0,11,5,1,1,0,0,10,0,0,0,0,0,6,0,0,0
2016,Missouri,52,30,20,30,0,22,0,0,24,18,9,4,9,8,0,60,39,23,16,12,4,39,0,0,0,0,0,6,5,0,0
2016,Montana,7,3,1,2,1,3,1,0,1,1,0,0,1,0,0,3,0,0,0,0,0,2,0,0,0,0,0,0,1,0,0
2016,Nebraska,9,6,6,5,1,1,2,0,4,4,0,0,4,4,0,4,2,1,1,1,0,3,0,0,0,0,0,0,0,0,0
2016,Nevada,25,21,15,18,3,4,0,0,10,7,4,2,3,3,0,109,100,87,2,1,1,93,0,0,0,0,0,3,14,0,0
2016,New Hampshire,38,26,16,26,0,12,0,0,37,34,20,13,14,7,0,44,8,8,4,3,1,40,0,0,0,0,0,3,0,0,0
2016,New Jersey,310,128,62,112,16,165,17,14,861,741,421,122,320,142,1,1292,42,30,75,52,22,1048,4,0,0,1,0,119,169,0,3
2016,New Mexico,32,16,11,16,0,16,0,0,41,41,26,19,15,13,0,29,6,6,3,0,3,25,0,0,0,0,0,0,1,0,0
2016,New York,247,137,113,128,7,108,2,0,337,202,17,11,185,164,17,6027,"5,785",164,683,96,482,"2,981",35,28,5,8,0,118,"2,363",2,25
2016,North Carolina,77,46,39,41,4,30,1,0,80,38,19,15,19,15,2,58,26,10,1,0,1,49,1,1,0,1,0,40,8,0,0
2016,North Dakota,10,4,1,4,0,6,0,0,2,1,0,0,1,0,0,2,1,0,1,1,0,1,0,0,0,0,0,1,0,0,0
2016,Northern Marianas,0,0,0,0,0,0,0,0,0,0,0,0,0,0,0,0,0,0,0,0,0,0,0,0,0,0,0,0,0,0,0
2016,Ohio,194,113,79,109,1,80,1,1,188,152,60,44,92,72,0,146,56,23,6,2,4,132,22,11,7,1,0,36,8,0,21
2016,Oklahoma,31,23,11,23,0,8,0,0,14,14,0,0,14,12,0,16,14,11,0,0,0,15,4,3,3,0,0,0,1,0,4
2016,Oregon,33,21,12,19,2,12,0,0,44,30,10,8,20,18,7,20,4,4,0,0,0,10,0,0,0,0,0,7,10,0,0
2016,Pennsylvania,216,101,77,100,1,115,0,0,437,193,10,8,183,148,50,795,534,172,45,13,32,577,33,17,5,7,0,194,173,6,20
2016,Puerto Rico,11,10,6,10,0,1,0,0,740,572,568,520,4,4,0,1984,622,367,922,561,267,1011,0,0,0,0,0,168,51,0,0
2016,Republic of Palau,0,0,0,0,0,0,0,0,0,0,0,0,0,0,0,0,0,0,0,0,0,0,0,0,0,0,0,0,0,0,0
2016,Republic of the Marshall Islands,0,0,0,0,0,0,0,0,0,0,0,0,0,0,0,0,0,0,0,0,0,0,0,0,0,0,0,0,0,0,0
2016,Rhode Island,19,13,11,13,0,6,0,0,38,27,1,0,26,20,0,22,13,7,2,0,2,17,0,0,0,0,0,11,3,0,0
2016,South Carolina,50,39,31,39,0,11,0,0,6,4,3,1,1,1,0,20,16,6,4,2,2,16,5,4,3,0,0,2,0,0,5
2016,South Dakota,4,4,3,4,0,0,0,0,9,5,2,2,3,3,0,3,2,2,0,0,0,3,0,0,0,0,0,4,0,0,0
2016,Tennessee,84,60,22,60,0,13,11,11,32,16,14,3,2,2,8,82,39,27,0,0,0,63,10,5,5,0,0,8,19,1,9
2016,Texas,275,135,56,126,9,127,13,13,410,234,120,87,114,92,134,306,87,31,14,1,13,226,16,8,6,1,1,42,66,1,14
2016,Utah,31,19,15,19,0,7,5,0,13,10,3,3,7,7,0,6,0,0,0,0,0,4,1,0,0,0,0,3,2,0,1
2016,Vermont,17,7,3,7,0,9,1,0,42,36,7,6,29,27,2,9,0,0,0,0,0,9,0,0,0,0,0,4,0,0,0
2016,Virgin Islands,3,2,2,1,0,1,0,0,1,0,0,0,0,0,0,0,0,0,0,0,0,0,0,0,0,0,0,1,0,0,0
2016,Virginia,153,58,21,44,14,95,0,0,119,109,12,8,97,75,0,93,68,41,8,6,2,76,14,12,6,1,1,10,9,0,13
2016,Washington,83,68,58,68,0,14,1,0,82,45,12,9,33,31,1,112,52,16,8,1,7,88,17,10,4,1,0,36,16,2,14
2016,West Virginia,25,15,10,15,0,10,0,0,21,13,7,5,6,3,0,25,18,18,0,0,0,25,1,0,0,0,0,8,0,0,1
2016,Wisconsin,85,55,37,53,2,18,12,2,125,83,8,5,75,73,3,13,12,2,1,0,1,10,1,0,0,0,0,39,2,0,1
2016,Wyoming,4,2,2,2,0,2,0,0,4,3,2,2,1,1,0,3,0,0,0,0,0,3,1,0,0,0,0,1,0,0,1
2016,US Outlying Areas and Freely Associated States ,5239,3504,2039,3293,132,1619,116,48,11413,6810,4012,2412,2798,2106,1105,18490,9975,1873,2119,869,1047,11854,395,188,77,48,11,3498,4517,49,298
2017,Alabama,24,15,5,12,3,7,2,0,84,49,14,14,35,31,17,130,90,25,5,2,3,102,1,1,1,0,0,18,23,0,1
2017,Alaska,5,5,1,5,0,0,0,0,3,3,0,0,3,3,0,6,6,1,3,1,2,3,0,0,0,0,0,0,0,0,0
2017,American Samoa,0,0,0,0,0,0,0,0,0,0,0,0,0,0,0,0,0,0,0,0,0,0,0,0,0,0,0,0,0,0,0
2017,Arizona,102,74,52,74,0,28,0,0,73,48,25,22,23,15,2,64,12,6,2,0,2,48,3,1,1,0,0,23,14,0,3
2017,Arkansas,28,15,8,15,0,13,0,0,53,31,3,3,28,26,3,32,18,10,6,1,5,23,8,5,2,1,0,19,3,0,7
2017,Bureau of Indian Education,7,3,1,0,0,2,2,0,1,0,0,0,0,0,1,1,1,1,0,0,0,1,0,0,0,0,0,0,0,0,0
2017,California,945,832,513,832,0,113,0,0,5193,2463,2353,1385,110,41,450,4670,882,213,114,27,86,3341,84,9,5,8,4,2280,1215,57,19
2017,Colorado,40,21,18,14,7,19,0,0,79,54,23,13,31,21,4,43,11,6,3,1,2,30,3,1,1,0,0,21,10,1,2
2017,Connecticut,169,77,45,54,1,81,11,2,288,202,77,42,125,83,41,236,112,64,9,1,6,161,10,5,4,1,0,45,66,2,7
2017,Delaware,8,5,4,5,0,3,0,0,15,9,1,1,8,7,1,11,1,1,2,1,1,9,2,0,0,0,0,5,0,0,2
2017,District of Columbia,25,19,17,14,5,6,0,0,38,24,1,1,23,17,0,333,224,32,99,48,51,179,22,8,2,9,3,14,55,0,13
2017,Federated States of Micronesia,0,0,0,0,0,0,0,0,0,0,0,0,0,0,0,0,0,0,0,0,0,0,0,0,0,0,0,0,0,0,0
2017,Florida,*,*,*,*,*,*,*,*,*,*,*,*,*,*,*,,*,*,*,*,*,*,*,*,*,*,*,*,*,*,*
2017,Georgia,170,68,37,65,3,102,0,0,140,103,24,11,79,54,9,112,72,33,14,2,11,78,6,5,3,2,1,28,20,0,4
2017,Guam,9,8,8,8,0,1,0,0,2,1,0,0,1,0,0,2,2,2,0,0,0,2,0,0,0,0,0,1,0,0,0
2017,Hawaii,7,7,3,7,0,0,0,0,2,1,0,0,1,0,1,43,39,35,6,1,5,35,0,0,0,0,0,0,2,0,0
2017,Idaho,41,35,20,35,0,6,0,0,18,13,1,1,12,12,0,3,3,2,1,0,1,2,1,1,1,0,0,5,0,0,1
2017,Illinois,107,50,37,36,10,54,3,0,325,269,165,84,104,75,27,283,37,12,12,2,10,189,13,2,0,2,1,29,82,0,11
2017,Indiana,139,68,39,68,0,68,3,3,74,56,7,6,49,42,6,106,75,15,2,2,0,74,8,6,3,2,0,12,30,1,5
2017,Iowa,35,5,0,2,3,13,17,0,37,19,8,8,11,11,10,24,6,4,0,0,0,18,0,0,0,0,0,8,6,0,0
2017,Kansas,35,27,16,27,0,8,0,0,23,21,7,6,14,10,0,14,9,5,0,0,0,12,1,0,0,0,0,2,2,0,1
2017,Kentucky,40,21,15,17,4,17,2,1,8,6,3,2,3,2,0,37,22,10,3,1,2,14,3,2,1,1,0,2,20,1,1
2017,Louisiana,29,17,9,12,5,12,0,0,14,8,4,0,4,4,2,22,16,8,2,0,2,19,1,1,0,0,0,4,1,0,1
2017,Maine,26,15,9,15,0,11,0,0,82,55,40,28,15,10,0,69,7,1,7,7,0,59,4,0,0,0,0,27,3,0,4
2017,Maryland,189,134,114,129,3,55,0,0,342,184,87,53,97,67,16,277,65,38,13,5,8,233,1,0,0,0,0,142,31,0,1
2017,Massachusetts,593,466,237,435,31,59,68,13,1084,605,12,5,593,511,148,481,26,14,9,2,7,255,24,0,0,1,0,331,217,0,23
2017,Michigan,197,140,117,140,0,56,1,0,152,122,11,8,111,91,3,79,32,15,7,3,3,58,18,10,7,2,0,27,14,1,15
2017,Minnesota,116,87,55,76,11,29,0,0,61,39,3,2,36,31,5,19,6,2,2,0,2,12,3,2,1,0,0,17,5,0,3
2017,Mississippi,142,71,45,70,0,71,0,0,34,34,4,4,30,2,0,17,10,1,4,0,0,13,0,0,0,0,0,0,0,0,0
2017,Missouri,48,40,22,38,2,8,0,0,19,11,3,2,8,7,0,61,46,10,6,4,2,47,5,3,0,1,0,8,8,0,4
2017,Montana,3,2,1,0,2,1,0,0,2,2,1,1,1,1,0,5,1,1,0,0,0,2,0,0,0,0,0,0,3,0,0
2017,Nebraska,19,15,8,11,4,3,1,0,3,3,0,0,3,0,0,4,2,0,0,0,0,2,0,0,0,0,0,0,2,0,0
2017,Nevada,9,7,5,6,1,1,1,0,8,8,6,3,2,2,0,99,84,68,1,1,0,83,17,15,14,0,0,0,15,0,17
2017,New Hampshire,25,16,13,11,0,9,0,0,33,33,20,13,13,11,0,40,3,3,5,4,1,35,3,0,0,2,0,0,0,0,1
2017,New Jersey,214,68,25,57,11,129,17,17,890,700,378,115,322,157,0,1271,36,28,50,50,0,1219,11,0,0,7,0,190,2,0,4
2017,New Mexico,86,43,32,39,3,42,1,1,41,41,19,13,22,15,0,23,0,0,3,1,1,19,1,0,0,0,0,0,1,0,1
2017,New York,229,123,100,116,7,106,0,0,373,231,20,15,211,190,32,7601,7288,132,877,96,638,3023,40,26,3,6,2,110,3701,4,30
2017,North Carolina,103,81,56,73,2,21,1,1,105,66,38,16,28,20,0,56,38,18,3,2,0,44,6,1,1,0,0,39,9,0,6
2017,North Dakota,12,4,4,4,0,8,0,0,3,1,0,0,1,0,0,0,0,0,0,0,0,0,0,0,0,0,0,2,0,0,0
2017,Northern Marianas,0,0,0,0,0,0,0,0,0,0,0,0,0,0,0,0,0,0,0,0,0,0,0,0,0,0,0,0,0,0,0
2017,Ohio,139,75,59,70,5,63,1,0,213,181,85,66,96,78,4,174,48,26,2,1,1,161,24,6,5,1,0,28,11,0,23
2017,Oklahoma,23,13,8,7,0,10,0,0,6,5,0,0,5,3,0,11,10,10,0,0,0,11,1,1,1,0,0,1,0,0,1
2017,Oregon,45,27,15,15,11,18,0,0,61,37,14,12,23,15,13,44,1,0,0,0,0,32,0,0,0,0,0,11,12,0,0
2017,Pennsylvania,180,86,65,86,0,89,5,5,390,186,2,1,184,148,54,897,628,228,57,21,36,668,39,24,8,6,1,150,172,3,30
2017,Puerto Rico,1,0,0,0,0,1,0,0,357,233,228,204,5,5,0,1207,305,216,548,218,329,626,0,0,0,0,0,124,33,0,0
2017,Republic of Palau,0,0,0,0,0,0,0,0,0,0,0,0,0,0,0,0,0,0,0,0,0,0,0,0,0,0,0,0,0,0,0
2017,Republic of the Marshall Islands,0,0,0,0,0,0,0,0,0,0,0,0,0,0,0,0,0,0,0,0,0,0,0,0,0,0,0,0,0,0,0
2017,Rhode Island,20,11,7,11,0,8,1,1,40,20,1,0,19,17,0,22,7,4,0,0,0,21,0,0,0,0,0,20,1,0,0
2017,South Carolina,69,38,32,38,0,31,0,0,2,0,0,0,0,0,0,25,20,12,3,3,0,22,7,6,6,0,0,2,0,0,7
2017,South Dakota,10,4,3,4,0,6,0,0,9,8,1,1,7,4,0,2,1,1,1,0,1,1,0,0,0,0,0,1,0,0,0
2017,Tennessee,60,46,21,45,0,14,0,0,25,13,11,5,2,2,0,54,24,16,1,0,1,48,3,2,1,0,0,12,5,0,3
2017,Texas,322,175,85,168,7,141,6,6,374,215,118,91,97,72,114,341,129,41,11,4,7,262,51,28,12,4,0,45,68,1,46
2017,Utah,19,13,8,13,0,5,1,0,17,10,3,2,7,7,1,7,3,2,0,0,0,6,1,1,1,0,0,6,1,0,1
2017,Vermont,13,9,4,7,2,4,0,0,40,24,7,4,17,13,0,14,9,1,0,0,0,11,0,0,0,0,0,16,3,0,0
2017,Virgin Islands,0,0,0,0,0,0,0,0,0,0,0,0,0,0,0,0,0,0,0,0,0,0,0,0,0,0,0,0,0,0,0
2017,Virginia,121,42,16,26,16,76,3,0,107,87,12,8,75,59,0,99,93,30,10,6,4,71,8,8,4,3,0,20,18,0,5
2017,Washington,109,80,57,80,0,28,1,1,120,68,8,6,60,59,0,119,56,18,12,0,11,91,8,5,4,0,0,52,16,1,7
2017,West Virginia,13,11,9,11,0,2,0,0,7,4,4,3,0,0,0,18,10,9,3,0,3,15,3,2,2,0,0,3,0,0,3
2017,Wisconsin,102,83,60,81,1,17,2,2,134,94,8,7,86,81,0,23,20,4,2,0,2,18,5,5,2,0,0,40,3,1,4
2017,Wyoming,6,4,4,4,0,2,0,0,9,5,1,1,4,3,1,6,1,0,2,2,0,4,2,0,0,1,1,3,0,0,1
2017,US Outlying Areas and Freely Associated States ,5228,3401,2144,3188,160,1677,150,53,11613,6705,3861,2288,2844,2135,965,19337,10647,1434,1922,520,1246,11512,451,192,96,60,13,3943,5903,73,318
